,Vendor,count,SQLi,XXE,H.C. Cred.,Weak-password Cred.,Default Cred.,SSRF,CSVi,XSS,CSRF,CORS Misconfig,FCDP Misconfig.,Info. Exposure,Missing Auth.,Forced Browsing,No Rate Limit,Cleartext,I.C.V
0,No Name,72235,,,,,,,,,,,,,,,,,
1,Vendor067,14491,,,,,,,,,,,,1.0,,,1.0,1.0,
2,Vendor372,4974,,,1.0,,,,,,,,,1.0,1.0,1.0,,,
3,Vendor383,3914,,,1.0,,1.0,,,,,,,1.0,,,1.0,1.0,1.0
4,Vendor281,3896,,,,,,,,,,,1.0,,1.0,,,,
5,Vendor369,2438,,,1.0,,1.0,,,1.0,,,,1.0,,,,1.0,
6,Vendor199,2291,,,,,,,,,,,,,1.0,,1.0,,
7,Vendor521,2273,,,,,,,,1.0,1.0,,,1.0,,,1.0,,
8,Vendor041,2080,,,,,,,,,,,,,,,,1.0,
9,Vendor229,1506,,,,,,,,,,,,1.0,,1.0,,1.0,
10,Vendor160,1494,,,,,,,,,1.0,,,1.0,1.0,1.0,1.0,1.0,1.0
11,Vendor409,1422,,,,,,,,,,,,,,,1.0,1.0,
12,Vendor221,1219,,,,,,,,,,,,1.0,1.0,1.0,,,
13,Vendor011,850,,,,,,,,,,,,,,,,,1.0
14,Vendor241,778,,,,,,,,1.0,1.0,,,1.0,,,,1.0,
15,Vendor202,720,,,,,,,,,1.0,,,,,,,,1.0
16,Vendor246,648,,,,,,,,,1.0,1.0,,1.0,,,,,1.0
17,Vendor130,472,,,,,,,,1.0,1.0,,,1.0,,,,1.0,
18,Vendor180,426,,,,,,,,1.0,,,,1.0,,,1.0,1.0,
19,Vendor210,390,,,,,,,,,,,,,,,,,
20,Vendor531,340,,,,,,,,1.0,1.0,,,,,,,1.0,
21,Vendor305,334,,,,,,,,,,,,1.0,,,1.0,1.0,
22,Vendor094,288,,,,,,,,1.0,,,,,,,,,
23,Vendor419,218,,,,,,,,,,,,,,,,,
24,Vendor539,202,,,,,,,,,1.0,,,1.0,,,,1.0,1.0
25,Vendor499,180,,,,,,,,,,1.0,,1.0,,,,,1.0
26,Vendor381,146,,,,,,,,,,,,,,,,,
27,Vendor061,145,,1.0,,,,,,,,,,,,,,,
28,Vendor497,121,,1.0,,,,,,,,,,,,,,,
29,Vendor197,117,,,,,,,,,,,,,,,,,
30,Vendor337,113,1.0,,,,,,,,,,,,,,,,
31,Vendor308,107,,,,,,,,,,,,1.0,,,,,
32,Vendor017,106,,,,,,,,,,,,,,,1.0,,
33,Vendor412,105,,,,,,,,1.0,,,,,,,1.0,,
34,Vendor184,104,,1.0,,,,,,,,,,1.0,,,1.0,,
35,Vendor116,102,,,,,,,,,,,,,,,1.0,,
36,Vendor200,101,,,,,,,,1.0,,,,,,,,,
37,Vendor491,101,,1.0,,,,1.0,,1.0,,,,,,,,,
38,Vendor203,99,,,,,,,,,,,,1.0,,,,,
39,Vendor069,97,,,,,,,,,,,,,,,1.0,,
40,Vendor347,96,,,,,,,,,,,,,,,,,
41,Vendor446,90,,,,,,,,,,,,1.0,,,,,
42,Vendor338,87,,,,,,,,1.0,,,,,,,1.0,,
43,Vendor165,81,,,,,,,,,,,,,,,,,
44,Vendor447,78,,1.0,,,,1.0,,,,,,,,,1.0,,
45,Vendor164,77,,,,,,,,,,,,1.0,,,1.0,,
46,Vendor078,74,,,,,,,,,,,,,,,1.0,,
47,Vendor496,72,,,,,,,,1.0,,,,,,,,,
48,Vendor382,68,,,,,,,,,,,,1.0,,,1.0,,
49,Vendor626,66,,,,,,1.0,,,,,,,,,,,
50,Vendor346,62,,1.0,,,,,,,,,,,,,1.0,,
51,Vendor176,60,,,,,,,,1.0,,,,,,,1.0,,
52,Vendor204,59,,,,,,,,,,,,,,,1.0,,
53,Vendor540,59,,,,,,,,,,,,,,,,,
54,Vendor150,58,,,,,,1.0,,,,,,,,,1.0,,
55,Vendor063,50,,,,,,,,,,,,,,,,,
56,Vendor214,48,,,,,,,,,,,,,,,1.0,,
57,Vendor146,47,,,,,,,,,,,,,,,,,
58,Vendor233,45,,1.0,,,,,,,,,,,,,,,
59,Vendor621,44,,,,,,,,,,,,,,,1.0,,
60,Vendor673,42,,,,,,1.0,,,,,,,,,,,
61,Vendor490,41,,,,,,,,,,,,,,,,,
62,Vendor543,41,,,,,,,,1.0,,,,,,,,,
63,Vendor389,41,,,,,,,,1.0,,,,,,,1.0,,
64,Vendor326,40,,,,,,,,,,,,,,,,,
65,Vendor037,35,,,,,,,,,,,,,,,1.0,,
66,Vendor598,34,,,,,,,,,1.0,,,,,,,,
67,Vendor605,34,,,,1.0,,,,,,,,,,,,,
68,Vendor495,31,,,,,,,,,,,,,,,1.0,,
69,Vendor546,31,,,,,,,,1.0,,,,,,,,,
70,Vendor825,31,,,,,,,,,,,,1.0,,,,,
71,Vendor503,30,,,,,,,,,,,,,,,,,
72,Vendor628,30,,,,,,,,,,,,1.0,,,,,
73,Vendor285,29,,,,,,,,,,,,1.0,,,,,
74,Vendor325,28,,,,,,,,,,,,,,,,,
75,Vendor599,28,,,,,,,,,,,,,,,1.0,,
76,Vendor245,27,,,,,,,,,,,,,,,,,
77,Vendor310,27,,,,,,,,,,,,,,,,,
78,Vendor155,26,,,,,,,,,,,,,,,1.0,,
79,Vendor226,26,,,,,,,,,1.0,,,1.0,,,,,
80,Vendor012,24,,,,,,,,,,,,1.0,,,1.0,,
81,Vendor816,23,,,,,,,,,,,,,,,,,
82,Vendor074,22,,,,,,,,,,,,,,,,,
83,Vendor224,21,,,,,,,,,,,,,,,1.0,,
84,Vendor492,20,,,,,,,,,,,,1.0,,,,,
85,Vendor014,19,,,,,,,,,,,,,,,,,
86,Vendor655,19,,,,,,,,,,,,,,,,,
87,Vendor676,19,,,,,,,,,,,,1.0,,,,,
88,Vendor031,18,,,,,,,,,,,,,,,,,
89,Vendor181,18,,,,,,,,,,,,1.0,,,,,
90,Vendor551,17,,,,,,,,,,,,,,,,,
91,Vendor704,17,,,,,,,,1.0,,,,,,,1.0,,
92,Vendor454,17,,,,,,,,,,,,,,,1.0,,
93,Vendor322,17,,,,,,,,,,,,,,,1.0,,
94,Vendor601,16,,,,,,,,,,,,,,,,,
95,Vendor255,16,,,,,,,,1.0,,,,1.0,,,,,
96,Vendor047,15,,,,,,,,,,,,,,,1.0,,
97,Vendor458,15,,,,,,,,,,,,,,,1.0,,
98,Vendor584,15,,,,,,,,,,,,1.0,,,,,
99,Vendor052,15,,,,,,,,,,,,,,,1.0,,
100,Vendor737,15,,,,,,,,,,,,,,,,,
101,Vendor574,15,,,,,,,,,,,,,,,1.0,,
102,Vendor724,13,,,,,,,,,1.0,,,,,,1.0,,
103,Vendor004,13,,,,,,,,,,,,1.0,,,,,
104,Vendor190,12,,,,,,,,,,,,,,,1.0,,
105,Vendor582,12,,,,,,,,,,,,,,,1.0,,
106,Vendor548,12,,,,,,,,,,,,,,,,,
107,Vendor247,11,,,,,,,,,,,,,,,,,
108,Vendor668,11,,,,,,,,,,,,,,,1.0,,
109,Vendor394,11,,,,,,,,,,,,,,,1.0,,
110,Vendor359,11,,,,,,,,,1.0,,,1.0,,,,,
111,Vendor026,11,,,,,,,,,,,,,,,1.0,,
112,Vendor108,10,,,,,,,,1.0,,,,,,,1.0,,
113,Vendor681,10,,,,,,,,,,,,,,,1.0,,
114,Vendor295,10,,,,,,,,1.0,,,,,,,,,
115,Vendor306,10,,,,,,,,,,,,,,,1.0,,
116,Vendor556,9,,,,,,,,,,,,,,,,,
117,Vendor625,9,,,,,,,,,,,,1.0,,,,,
118,Vendor459,9,,,,,,,,,,,,1.0,,,,,
119,Vendor336,9,,,,,,,,,,,,,,,,,
120,Vendor424,9,,,,,,,,,,,,1.0,,,,,
121,Vendor222,9,,,,,,,,,,,,,,,1.0,,
122,Vendor821,9,,,,,,,,,,,,1.0,,,1.0,,
123,Vendor339,9,,,,,,,,1.0,,,,,,,,,
124,Vendor291,9,,,,,,,,,,,,,,,1.0,,
125,Vendor639,8,,,,,,,,,,,,,,,,,
126,Vendor414,8,,,,,,,,,,,,,,,,,
127,Vendor498,8,,,,,,,,,,,,,,,,,
128,Vendor208,8,,,,,,,,,,,,,,,,,
129,Vendor594,8,,,,,,,,,,,,,,,,,
130,Vendor099,8,,,,,,,,,,,,,,,,,
131,Vendor100,8,,,,,,,,1.0,,,,,,,1.0,,
132,Vendor817,8,,,,,,,,,,,,,,,1.0,,
133,Vendor385,8,,,,,,,,,,,,,,,,,
134,Vendor685,8,,,,,,,,,,,,,,,1.0,,
135,Vendor009,8,,,,,,,,,1.0,,,,,,1.0,,
136,Vendor392,8,,,,,,,,,,,,,,,,,
137,Vendor810,7,,,,,,,,,,,,,,,,,
138,Vendor220,7,,,,,,,,,,,,,,,,,
139,Vendor785,7,,,,,,,,,,,,,,,,,
140,Vendor638,7,,,,,,,,,,,,,,,1.0,,
141,Vendor699,7,,,,,,,,,1.0,,,,,,,,
142,Vendor671,7,,,,,,,,,,,,,,,1.0,,
143,Vendor039,7,,,,,,,,,,,,,,,1.0,,
144,Vendor238,7,,,,,,,,,,,,,,,1.0,,
145,Vendor065,7,,,,,,,,,1.0,,,1.0,,,,,
146,Vendor023,7,,,,,,,,,,,,,,,1.0,,
147,Vendor034,7,,,,,,,,,,,,,,,,,
148,Vendor736,7,,,,,,,,,,,,1.0,,,1.0,,
149,Vendor776,6,,,,,,,,1.0,,,,1.0,,,,,
150,Vendor721,6,,,,,,,,1.0,,,,,,,,,
151,Vendor298,6,,,,,,,,,,,,,,,,,
152,Vendor420,6,,,,,,,,,,,,,,,,,
153,Vendor860,6,,,,,,,,,,,,,,,1.0,,
154,Vendor698,6,,,,,,,,,,,,,,,1.0,,
155,Vendor670,6,,,,,,,,,,,,,,,,,
156,Vendor107,6,,,,,,,,,1.0,,,,,,1.0,,
157,Vendor352,6,,,,,,,,1.0,,,,1.0,,,,,
158,Vendor682,6,,,,,,,,,,,,1.0,,,1.0,,
159,Vendor254,6,,,,,,,,,,,,,,,1.0,,
160,Vendor658,6,,,,,,,,,,,,,,,1.0,,
161,Vendor555,6,,,,,,,,,,,,,,,,,
162,Vendor166,6,,,,,,,,1.0,,,,1.0,,,,,
163,Vendor623,6,,,,,,,,1.0,1.0,,,1.0,,,1.0,,
164,Vendor595,6,,,,,,,,1.0,,,,,,,,,
165,Vendor846,6,,,,,,,,1.0,,,,,,,,,
166,Vendor086,6,,,,,,,,,,,,,,,1.0,,
167,Vendor840,6,,,,,,,,,,,,,,,1.0,,
168,Vendor728,6,,,,,,,,,,,,,,,1.0,,
169,Vendor249,6,,,,,,,,,,,,,,,,,
170,Vendor400,5,,,,,,,,,,,,,,,1.0,,
171,Vendor231,5,,,,,,,,,,,,,,,,,
172,Vendor007,5,,,,,,,,,,,,1.0,,,,,
173,Vendor514,5,,,,,,,,,,,,,,,1.0,,
174,Vendor805,5,,,,,,,,,,,,,,,,,
175,Vendor102,5,,,,,,,,,,,,,,,1.0,,
176,Vendor608,5,,,,,,,,,,,,,,,,,
177,Vendor614,5,,,,,,,,,,,,,,,,,
178,Vendor532,5,,,,,,,,,,,,,,,,,
179,Vendor741,5,,,,,,,,,,,,1.0,,,,,
180,Vendor861,5,,,,,,,,,,,,1.0,,,,,
181,Vendor553,5,,,,,,,,,,,,1.0,,,,,
182,Vendor081,5,,,,,,,,1.0,,,,,,,1.0,,
183,Vendor536,5,,,,,,,,,,,,1.0,,,1.0,,
184,Vendor103,5,,,,,,,,1.0,1.0,,,1.0,,,,,
185,Vendor866,5,,,,,,,,,,,,,,,1.0,,
186,Vendor364,5,,,,,,,,,,,,,,,,,
187,Vendor186,5,,,,,,,,,,,,,,,,,
188,Vendor788,5,,,,,,,,,,,,,,,,,
189,Vendor472,4,,,,,,,,,,,,,,,1.0,,
190,Vendor029,4,,,,,,,,,,,,,,,,,
191,Vendor324,4,,,,,,,,,,,,1.0,,,,,
192,Vendor607,4,,,,,,,,1.0,,,,,,,1.0,,
193,Vendor236,4,,,,,,,,1.0,,,,,,,1.0,,
194,Vendor647,4,,,,,,,,,,,,,,,1.0,,
195,Vendor527,4,,,,,,,,,,,,,,,,,
196,Vendor718,4,,,,,,,,,1.0,,,,,,,,
197,Vendor644,4,,,,,,,,,,,,1.0,,,1.0,,
198,Vendor526,4,,,,,,,,,,,,,,,,,
199,Vendor020,4,,,,,,,,,,,,1.0,,,,,
200,Vendor592,4,,,,,,,,,,,,,,,1.0,,
201,Vendor403,4,,,,,,,,,,,,,,,1.0,,
202,Vendor563,4,,,,,,,,,,,,1.0,,,1.0,,
203,Vendor731,4,,,,,,,,,,,,,,,1.0,,
204,Vendor445,4,,,,,,,,,,,,,,,,,
205,Vendor232,4,,,,,,,,,1.0,,,1.0,,,,,
206,Vendor169,4,,,,,,,,,,,,,,,,,
207,Vendor046,4,,,,,,,,,,,,,,,,,
208,Vendor143,4,,,,,,,,,,,,,,,1.0,,
209,Vendor275,4,,,,,,,,,,,,,,,1.0,,
210,Vendor651,4,,,,,,,,,,,,,,,1.0,,
211,Vendor569,4,,,,,,,,,,,,,,,,,
212,Vendor377,3,,,,,,,,1.0,,,,,,,,,
213,Vendor300,3,,,,,,,,,,,,,,,,,
214,Vendor645,3,,,,,,,,,,,,,,,,,
215,Vendor260,3,,,,,,,,,,,,,,,1.0,,
216,Vendor443,3,,,,,,,,,,,,,,,1.0,,
217,Vendor570,3,,,,,,,,,,,,,,,1.0,,
218,Vendor327,3,,,,,,,,,,,,,,,,,
219,Vendor386,3,,,,,,,,,1.0,,,,,,,,
220,Vendor627,3,,,,,,,,,,,,,,,,,
221,Vendor293,3,,,,,,,,1.0,,,,,,,1.0,,
222,Vendor675,3,,,,,,,,,,,,,,,1.0,,
223,Vendor319,3,,,,,,,,1.0,,,,1.0,,,1.0,,
224,Vendor872,3,,,,,,,,,,,,1.0,,,,,
225,Vendor149,3,,,,,,,,1.0,,,,,,,,,
226,Vendor265,3,,,,,,,,,,,,,,,1.0,,
227,Vendor374,3,,,,,,,,1.0,,,,,,,,,
228,Vendor131,3,,,,,,,,,,,,,,,,,
229,Vendor399,3,,,,,,,,,,,,,,,1.0,,
230,Vendor533,3,,,,,,,,,,,,,,,1.0,,
231,Vendor085,3,,,,,,,,,,,,,,,,,
232,Vendor076,3,,,,,,,,,,,,,,,,,
233,Vendor223,3,,,,,,,,,,,,,,,,,
234,Vendor097,3,,,,,,,,,,,,,,,,,
235,Vendor378,3,,,,,,,,,,,,,,,,,
236,Vendor697,3,,,,,,,,,,,,,,,,,
237,Vendor215,3,,,,,,,,,,,,,,,,,
238,Vendor830,3,,,,,,,,,,,,,,,,,
239,Vendor739,3,,,,,,,,,,,,,,,,,
240,Vendor189,3,,,,,,,,,,,,,,,,,
241,Vendor507,3,,,,,,,,,,,,,,,,,
242,Vendor087,3,,,,,,,,,,,,,,,,,
243,Vendor077,3,,,,,,,,,,,,,,,,,
244,Vendor344,3,,,,,,,,,,,,,,,,,
245,Vendor481,3,,,,,,,,,,,,,,,,,
246,Vendor413,3,,,,,,,,,,,,,,,,,
247,Vendor516,3,,,,,,,,,,,,,,,,,
248,Vendor449,3,,,,,,,,,,,,,,,,,
249,Vendor027,3,,,,,,,,,,,,,,,,,
250,Vendor167,3,,,,,,,,,,,,,,,,,
251,Vendor137,3,,,,,,,,,,,,,,,,,
252,Vendor580,3,,,,,,,,,,,,,,,,,
253,Vendor019,3,,,,,,,,,,,,,,,,,
254,Vendor153,3,,,,,,,,,,,,,,,,,
255,Vendor618,3,,,,,,,,,,,,,,,,,
256,Vendor471,3,,,,,,,,,,,,,,,,,
257,Vendor059,3,,,,,,,,,,,,,,,,,
258,Vendor475,3,,,,,,,,,,,,,,,,,
259,Vendor813,3,,,,,,,,,,,,,,,,,
260,Vendor075,3,,,,,,,,,,,,,,,,,
261,Vendor775,3,,,,,,,,,,,,,,,,,
262,Vendor868,3,,,,,,,,,,,,,,,,,
263,Vendor587,3,,,,,,,,,,,,,,,,,
264,Vendor353,3,,,,,,,,,,,,,,,,,
265,Vendor593,3,,,,,,,,,,,,,,,,,
266,Vendor678,3,,,,,,,,,,,,,,,,,
267,Vendor853,3,,,,,,,,,,,,,,,,,
268,Vendor610,3,,,,,,,,,,,,,,,,,
269,Vendor669,3,,,,,,,,,,,,,,,,,
270,Vendor807,3,,,,,,,,,,,,,,,,,
271,Vendor767,3,,,,,,,,,,,,,,,,,
272,Vendor691,3,,,,,,,,,,,,,,,,,
273,Vendor863,3,,,,,,,,,,,,,,,,,
274,Vendor134,3,,,,,,,,,,,,,,,,,
275,Vendor312,3,,,,,,,,,,,,,,,,,
276,Vendor316,3,,,,,,,,,,,,,,,,,
277,Vendor082,3,,,,,,,,,,,,,,,,,
278,Vendor185,3,,,,,,,,,,,,,,,,,
279,Vendor576,3,,,,,,,,,,,,,,,,,
280,Vendor803,3,,,,,,,,,,,,,,,,,
281,Vendor819,3,,,,,,,,,,,,,,,,,
282,Vendor177,3,,,,,,,,,,,,,,,,,
283,Vendor871,3,,,,,,,,,,,,,,,,,
284,Vendor700,3,,,,,,,,,,,,,,,,,
285,Vendor858,3,,,,,,,,,,,,,,,,,
286,Vendor053,3,,,,,,,,,,,,,,,,,
287,Vendor320,3,,,,,,,,,,,,,,,,,
288,Vendor756,3,,,,,,,,,,,,,,,,,
289,Vendor615,3,,,,,,,,,,,,,,,,,
290,Vendor209,3,,,,,,,,,,,,,,,,,
291,Vendor139,2,,,,,,,,,,,,,,,,,
292,Vendor657,2,,,,,,,,,,,,,,,,,
293,Vendor267,2,,,,,,,,,,,,,,,,,
294,Vendor826,2,,,,,,,,,,,,,,,,,
295,Vendor522,2,,,,,,,,,,,,,,,,,
296,Vendor637,2,,,,,,,,,,,,,,,,,
297,Vendor402,2,,,,,,,,,,,,,,,,,
298,Vendor757,2,,,,,,,,,,,,,,,,,
299,Vendor408,2,,,,,,,,,,,,,,,,,
300,Vendor752,2,,,,,,,,,,,,,,,,,
301,Vendor354,2,,,,,,,,,,,,,,,,,
302,Vendor323,2,,,,,,,,,,,,,,,,,
303,Vendor823,2,,,,,,,,,,,,,,,,,
304,Vendor132,2,,,,,,,,,,,,,,,,,
305,Vendor401,2,,,,,,,,,,,,,,,,,
306,Vendor127,2,,,,,,,,,,,,,,,,,
307,Vendor802,2,,,,,,,,,,,,,,,,,
308,Vendor581,2,,,,,,,,,,,,,,,,,
309,Vendor794,2,,,,,,,,,,,,,,,,,
310,Vendor244,2,,,,,,,,,,,,,,,,,
311,Vendor038,2,,,,,,,,,,,,,,,,,
312,Vendor441,2,,,,,,,,,,,,,,,,,
313,Vendor365,2,,,,,,,,,,,,,,,,,
314,Vendor600,2,,,,,,,,,,,,,,,,,
315,Vendor828,2,,,,,,,,,,,,,,,,,
316,Vendor343,2,,,,,,,,,,,,,,,,,
317,Vendor535,2,,,,,,,,,,,,,,,,,
318,Vendor864,2,,,,,,,,,,,,,,,,,
319,Vendor791,2,,,,,,,,,,,,,,,,,
320,Vendor054,2,,,,,,,,,,,,,,,,,
321,Vendor463,2,,,,,,,,,,,,,,,,,
322,Vendor277,2,,,,,,,,,,,,,,,,,
323,Vendor790,2,,,,,,,,,,,,,,,,,
324,Vendor113,2,,,,,,,,,,,,,,,,,
325,Vendor782,2,,,,,,,,,,,,,,,,,
326,Vendor418,2,,,,,,,,,,,,,,,,,
327,Vendor355,2,,,,,,,,,,,,,,,,,
328,Vendor549,2,,,,,,,,,,,,,,,,,
329,Vendor444,2,,,,,,,,,,,,,,,,,
330,Vendor328,2,,,,,,,,,,,,,,,,,
331,Vendor558,2,,,,,,,,,,,,,,,,,
332,Vendor848,2,,,,,,,,,,,,,,,,,
333,Vendor080,2,,,,,,,,,,,,,,,,,
334,Vendor838,2,,,,,,,,,,,,,,,,,
335,Vendor242,2,,,,,,,,,,,,,,,,,
336,Vendor687,2,,,,,,,,,,,,,,,,,
337,Vendor109,2,,,,,,,,,,,,,,,,,
338,Vendor212,2,,,,,,,,,,,,,,,,,
339,Vendor138,2,,,,,,,,,,,,,,,,,
340,Vendor832,2,,,,,,,,,,,,,,,,,
341,Vendor104,2,,,,,,,,,,,,,,,,,
342,Vendor560,2,,,,,,,,,,,,,,,,,
343,Vendor476,2,,,,,,,,,,,,,,,,,
344,Vendor494,2,,,,,,,,,,,,,,,,,
345,Vendor641,2,,,,,,,,,,,,,,,,,
346,Vendor269,2,,,,,,,,,,,,,,,,,
347,Vendor462,2,,,,,,,,,,,,,,,,,
348,Vendor283,2,,,,,,,,,,,,,,,,,
349,Vendor361,2,,,,,,,,,,,,,,,,,
350,Vendor620,2,,,,,,,,,,,,,,,,,
351,Vendor852,2,,,,,,,,,,,,,,,,,
352,Vendor680,2,,,,,,,,,,,,,,,,,
353,Vendor397,2,,,,,,,,,,,,,,,,,
354,Vendor707,2,,,,,,,,,,,,,,,,,
355,Vendor530,2,,,,,,,,,,,,,,,,,
356,Vendor217,2,,,,,,,,,,,,,,,,,
357,Vendor084,2,,,,,,,,,,,,,,,,,
358,Vendor356,2,,,,,,,,,,,,,,,,,
359,Vendor423,2,,,,,,,,,,,,,,,,,
360,Vendor784,2,,,,,,,,,,,,,,,,,
361,Vendor648,2,,,,,,,,,,,,,,,,,
362,Vendor198,2,,,,,,,,,,,,,,,,,
363,Vendor808,2,,,,,,,,,,,,,,,,,
364,Vendor095,2,,,,,,,,,,,,,,,,,
365,Vendor264,2,,,,,,,,,,,,,,,,,
366,Vendor092,2,,,,,,,,,,,,,,,,,
367,Vendor121,2,,,,,,,,,,,,,,,,,
368,Vendor066,2,,,,,,,,,,,,,,,,,
369,Vendor439,2,,,,,,,,,,,,,,,,,
370,Vendor839,2,,,,,,,,,,,,,,,,,
371,Vendor667,2,,,,,,,,,,,,,,,,,
372,Vendor796,2,,,,,,,,,,,,,,,,,
373,Vendor173,2,,,,,,,,,,,,,,,,,
374,Vendor125,2,,,,,,,,,,,,,,,,,
375,Vendor313,2,,,,,,,,,,,,,,,,,
376,Vendor588,2,,,,,,,,,,,,,,,,,
377,Vendor783,2,,,,,,,,,,,,,,,,,
378,Vendor714,2,,,,,,,,,,,,,,,,,
379,Vendor194,2,,,,,,,,,,,,,,,,,
380,Vendor175,2,,,,,,,,,,,,,,,,,
381,Vendor294,2,,,,,,,,,,,,,,,,,
382,Vendor666,2,,,,,,,,,,,,,,,,,
383,Vendor156,2,,,,,,,,,,,,,,,,,
384,Vendor161,2,,,,,,,,,,,,,,,,,
385,Vendor456,2,,,,,,,,,,,,,,,,,
386,Vendor586,2,,,,,,,,,,,,,,,,,
387,Vendor634,2,,,,,,,,,,,,,,,,,
388,Vendor287,2,,,,,,,,,,,,,,,,,
389,Vendor271,2,,,,,,,,,,,,,,,,,
390,Vendor090,2,,,,,,,,,,,,,,,,,
391,Vendor396,2,,,,,,,,,,,,,,,,,
392,Vendor375,2,,,,,,,,,,,,,,,,,
393,Vendor263,2,,,,,,,,,,,,,,,,,
394,Vendor393,2,,,,,,,,,,,,,,,,,
395,Vendor856,2,,,,,,,,,,,,,,,,,
396,Vendor349,2,,,,,,,,,,,,,,,,,
397,Vendor467,2,,,,,,,,,,,,,,,,,
398,Vendor315,2,,,,,,,,,,,,,,,,,
399,Vendor158,2,,,,,,,,,,,,,,,,,
400,Vendor124,2,,,,,,,,,,,,,,,,,
401,Vendor713,2,,,,,,,,,,,,,,,,,
402,Vendor227,2,,,,,,,,,,,,,,,,,
403,Vendor141,2,,,,,,,,,,,,,,,,,
404,Vendor068,2,,,,,,,,,,,,,,,,,
405,Vendor286,2,,,,,,,,,,,,,,,,,
406,Vendor147,2,,,,,,,,,,,,,,,,,
407,Vendor299,2,,,,,,,,,,,,,,,,,
408,Vendor684,2,,,,,,,,,,,,,,,,,
409,Vendor128,2,,,,,,,,,,,,,,,,,
410,Vendor395,2,,,,,,,,,,,,,,,,,
411,Vendor179,2,,,,,,,,,,,,,,,,,
412,Vendor781,2,,,,,,,,,,,,,,,,,
413,Vendor088,2,,,,,,,,,,,,,,,,,
414,Vendor417,2,,,,,,,,,,,,,,,,,
415,Vendor154,2,,,,,,,,,,,,,,,,,
416,Vendor833,2,,,,,,,,,,,,,,,,,
417,Vendor566,2,,,,,,,,,,,,,,,,,
418,Vendor282,2,,,,,,,,,,,,,,,,,
419,Vendor719,2,,,,,,,,,,,,,,,,,
420,Vendor030,2,,,,,,,,,,,,,,,,,
421,Vendor057,2,,,,,,,,,,,,,,,,,
422,Vendor453,2,,,,,,,,,,,,,,,,,
423,Vendor251,2,,,,,,,,,,,,,,,,,
424,Vendor311,2,,,,,,,,,,,,,,,,,
425,Vendor064,2,,,,,,,,,,,,,,,,,
426,Vendor192,2,,,,,,,,,,,,,,,,,
427,Vendor749,2,,,,,,,,,,,,,,,,,
428,Vendor519,2,,,,,,,,,,,,,,,,,
429,Vendor870,2,,,,,,,,,,,,,,,,,
430,Vendor115,2,,,,,,,,,,,,,,,,,
431,Vendor797,2,,,,,,,,,,,,,,,,,
432,Vendor862,2,,,,,,,,,,,,,,,,,
433,Vendor159,2,,,,,,,,,,,,,,,,,
434,Vendor237,2,,,,,,,,,,,,,,,,,
435,Vendor284,2,,,,,,,,,,,,,,,,,
436,Vendor603,2,,,,,,,,,,,,,,,,,
437,Vendor170,2,,,,,,,,,,,,,,,,,
438,Vendor045,2,,,,,,,,,,,,,,,,,
439,Vendor720,2,,,,,,,,,,,,,,,,,
440,Vendor763,2,,,,,,,,,,,,,,,,,
441,Vendor686,1,,,,,,,,,,,,,,,,,
442,Vendor743,1,,,,,,,,,,,,,,,,,
443,Vendor358,1,,,,,,,,,,,,,,,,,
444,Vendor624,1,,,,,,,,,,,,,,,,,
445,Vendor330,1,,,,,,,,,,,,,,,,,
446,Vendor693,1,,,,,,,,,,,,,,,,,
447,Vendor746,1,,,,,,,,,,,,,,,,,
448,Vendor429,1,,,,,,,,,,,,,,,,,
449,Vendor654,1,,,,,,,,,,,,,,,,,
450,Vendor841,1,,,,,,,,,,,,,,,,,
451,Vendor554,1,,,,,,,,,,,,,,,,,
452,Vendor239,1,,,,,,,,,,,,,,,,,
453,Vendor482,1,,,,,,,,,,,,,,,,,
454,Vendor762,1,,,,,,,,,,,,,,,,,
455,Vendor604,1,,,,,,,,,,,,,,,,,
456,Vendor466,1,,,,,,,,,,,,,,,,,
457,Vendor768,1,,,,,,,,,,,,,,,,,
458,Vendor162,1,,,,,,,,,,,,,,,,,
459,Vendor629,1,,,,,,,,,,,,,,,,,
460,Vendor652,1,,,,,,,,,,,,,,,,,
461,Vendor542,1,,,,,,,,,,,,,,,,,
462,Vendor148,1,,,,,,,,,,,,,,,,,
463,Vendor416,1,,,,,,,,,,,,,,,,,
464,Vendor296,1,,,,,,,,,,,,,,,,,
465,Vendor765,1,,,,,,,,,,,,,,,,,
466,Vendor083,1,,,,,,,,,,,,,,,,,
467,Vendor633,1,,,,,,,,,,,,,,,,,
468,Vendor122,1,,,,,,,,,,,,,,,,,
469,Vendor738,1,,,,,,,,,,,,,,,,,
470,Vendor234,1,,,,,,,,,,,,,,,,,
471,Vendor789,1,,,,,,,,,,,,,,,,,
472,Vendor572,1,,,,,,,,,,,,,,,,,
473,Vendor460,1,,,,,,,,,,,,,,,,,
474,Vendor432,1,,,,,,,,,,,,,,,,,
475,Vendor799,1,,,,,,,,,,,,,,,,,
476,Vendor653,1,,,,,,,,,,,,,,,,,
477,Vendor117,1,,,,,,,,,,,,,,,,,
478,Vendor735,1,,,,,,,,,,,,,,,,,
479,Vendor025,1,,,,,,,,,,,,,,,,,
480,Vendor567,1,,,,,,,,,,,,,,,,,
481,Vendor622,1,,,,,,,,,,,,,,,,,
482,Vendor101,1,,,,,,,,,,,,,,,,,
483,Vendor764,1,,,,,,,,,,,,,,,,,
484,Vendor596,1,,,,,,,,,,,,,,,,,
485,Vendor674,1,,,,,,,,,,,,,,,,,
486,Vendor815,1,,,,,,,,,,,,,,,,,
487,Vendor303,1,,,,,,,,,,,,,,,,,
488,Vendor701,1,,,,,,,,,,,,,,,,,
489,Vendor114,1,,,,,,,,,,,,,,,,,
490,Vendor545,1,,,,,,,,,,,,,,,,,
491,Vendor630,1,,,,,,,,,,,,,,,,,
492,Vendor859,1,,,,,,,,,,,,,,,,,
493,Vendor434,1,,,,,,,,,,,,,,,,,
494,Vendor811,1,,,,,,,,,,,,,,,,,
495,Vendor827,1,,,,,,,,,,,,,,,,,
496,Vendor288,1,,,,,,,,,,,,,,,,,
497,Vendor051,1,,,,,,,,,,,,,,,,,
498,Vendor557,1,,,,,,,,,,,,,,,,,
499,Vendor579,1,,,,,,,,,,,,,,,,,
500,Vendor171,1,,,,,,,,,,,,,,,,,
501,Vendor656,1,,,,,,,,,,,,,,,,,
502,Vendor564,1,,,,,,,,,,,,,,,,,
503,Vendor427,1,,,,,,,,,,,,,,,,,
504,Vendor562,1,,,,,,,,,,,,,,,,,
505,Vendor706,1,,,,,,,,,,,,,,,,,
506,Vendor368,1,,,,,,,,,,,,,,,,,
507,Vendor733,1,,,,,,,,,,,,,,,,,
508,Vendor723,1,,,,,,,,,,,,,,,,,
509,Vendor865,1,,,,,,,,,,,,,,,,,
510,Vendor727,1,,,,,,,,,,,,,,,,,
511,Vendor847,1,,,,,,,,,,,,,,,,,
512,Vendor729,1,,,,,,,,,,,,,,,,,
513,Vendor485,1,,,,,,,,,,,,,,,,,
514,Vendor759,1,,,,,,,,,,,,,,,,,
515,Vendor613,1,,,,,,,,,,,,,,,,,
516,Vendor317,1,,,,,,,,,,,,,,,,,
517,Vendor609,1,,,,,,,,,,,,,,,,,
518,Vendor712,1,,,,,,,,,,,,,,,,,
519,Vendor140,1,,,,,,,,,,,,,,,,,
520,Vendor725,1,,,,,,,,,,,,,,,,,
521,Vendor612,1,,,,,,,,,,,,,,,,,
522,Vendor837,1,,,,,,,,,,,,,,,,,
523,Vendor677,1,,,,,,,,,,,,,,,,,
524,Vendor755,1,,,,,,,,,,,,,,,,,
525,Vendor831,1,,,,,,,,,,,,,,,,,
526,Vendor649,1,,,,,,,,,,,,,,,,,
527,Vendor660,1,,,,,,,,,,,,,,,,,
528,Vendor216,1,,,,,,,,,,,,,,,,,
529,Vendor716,1,,,,,,,,,,,,,,,,,
530,Vendor033,1,,,,,,,,,,,,,,,,,
531,Vendor730,1,,,,,,,,,,,,,,,,,
532,Vendor415,1,,,,,,,,,,,,,,,,,
533,Vendor793,1,,,,,,,,,,,,,,,,,
534,Vendor550,1,,,,,,,,,,,,,,,,,
535,Vendor732,1,,,,,,,,,,,,,,,,,
536,Vendor510,1,,,,,,,,,,,,,,,,,
537,Vendor438,1,,,,,,,,,,,,,,,,,
538,Vendor664,1,,,,,,,,,,,,,,,,,
539,Vendor850,1,,,,,,,,,,,,,,,,,
540,Vendor144,1,,,,,,,,,,,,,,,,,
541,Vendor048,1,,,,,,,,,,,,,,,,,
542,Vendor690,1,,,,,,,,,,,,,,,,,
543,Vendor753,1,,,,,,,,,,,,,,,,,
544,Vendor640,1,,,,,,,,,,,,,,,,,
545,Vendor606,1,,,,,,,,,,,,,,,,,
546,Vendor787,1,,,,,,,,,,,,,,,,,
547,Vendor711,1,,,,,,,,,,,,,,,,,
548,Vendor822,1,,,,,,,,,,,,,,,,,
549,Vendor505,1,,,,,,,,,,,,,,,,,
550,Vendor448,1,,,,,,,,,,,,,,,,,
551,Vendor766,1,,,,,,,,,,,,,,,,,
552,Vendor818,1,,,,,,,,,,,,,,,,,
553,Vendor703,1,,,,,,,,,,,,,,,,,
554,Vendor483,1,,,,,,,,,,,,,,,,,
555,Vendor844,1,,,,,,,,,,,,,,,,,
556,Vendor722,1,,,,,,,,,,,,,,,,,
557,Vendor513,1,,,,,,,,,,,,,,,,,
558,Vendor518,1,,,,,,,,,,,,,,,,,
559,Vendor786,1,,,,,,,,,,,,,,,,,
560,Vendor517,1,,,,,,,,,,,,,,,,,
561,Vendor188,1,,,,,,,,,,,,,,,,,
562,Vendor106,1,,,,,,,,,,,,,,,,,
563,Vendor800,1,,,,,,,,,,,,,,,,,
564,Vendor754,1,,,,,,,,,,,,,,,,,
565,Vendor744,1,,,,,,,,,,,,,,,,,
566,Vendor578,1,,,,,,,,,,,,,,,,,
567,Vendor801,1,,,,,,,,,,,,,,,,,
568,Vendor636,1,,,,,,,,,,,,,,,,,
569,Vendor715,1,,,,,,,,,,,,,,,,,
570,Vendor428,1,,,,,,,,,,,,,,,,,
571,Vendor079,1,,,,,,,,,,,,,,,,,
572,Vendor228,1,,,,,,,,,,,,,,,,,
573,Vendor814,1,,,,,,,,,,,,,,,,,
574,Vendor665,1,,,,,,,,,,,,,,,,,
575,Vendor253,1,,,,,,,,,,,,,,,,,
576,Vendor820,1,,,,,,,,,,,,,,,,,
577,Vendor093,1,,,,,,,,,,,,,,,,,
578,Vendor450,1,,,,,,,,,,,,,,,,,
579,Vendor761,1,,,,,,,,,,,,,,,,,
580,Vendor278,1,,,,,,,,,,,,,,,,,
581,Vendor509,1,,,,,,,,,,,,,,,,,
582,Vendor857,1,,,,,,,,,,,,,,,,,
583,Vendor559,1,,,,,,,,,,,,,,,,,
584,Vendor642,1,,,,,,,,,,,,,,,,,
585,Vendor105,1,,,,,,,,,,,,,,,,,
586,Vendor806,1,,,,,,,,,,,,,,,,,
587,Vendor772,1,,,,,,,,,,,,,,,,,
588,Vendor617,1,,,,,,,,,,,,,,,,,
589,Vendor795,1,,,,,,,,,,,,,,,,,
590,Vendor430,1,,,,,,,,,,,,,,,,,
591,Vendor071,1,,,,,,,,,,,,,,,,,
592,Vendor506,1,,,,,,,,,,,,,,,,,
593,Vendor829,1,,,,,,,,,,,,,,,,,
594,Vendor575,1,,,,,,,,,,,,,,,,,
595,Vendor583,1,,,,,,,,,,,,,,,,,
596,Vendor362,1,,,,,,,,,,,,,,,,,
597,Vendor773,1,,,,,,,,,,,,,,,,,
598,Vendor218,1,,,,,,,,,,,,,,,,,
599,Vendor289,1,,,,,,,,,,,,,,,,,
600,Vendor589,1,,,,,,,,,,,,,,,,,
601,Vendor183,1,,,,,,,,,,,,,,,,,
602,Vendor688,1,,,,,,,,,,,,,,,,,
603,Vendor309,1,,,,,,,,,,,,,,,,,
604,Vendor619,1,,,,,,,,,,,,,,,,,
605,Vendor568,1,,,,,,,,,,,,,,,,,
606,Vendor013,1,,,,,,,,,,,,,,,,,
607,Vendor611,1,,,,,,,,,,,,,,,,,
608,Vendor717,1,,,,,,,,,,,,,,,,,
609,Vendor740,1,,,,,,,,,,,,,,,,,
610,Vendor809,1,,,,,,,,,,,,,,,,,
611,Vendor357,1,,,,,,,,,,,,,,,,,
612,Vendor301,1,,,,,,,,,,,,,,,,,
613,Vendor778,1,,,,,,,,,,,,,,,,,
614,Vendor646,1,,,,,,,,,,,,,,,,,
615,Vendor230,1,,,,,,,,,,,,,,,,,
616,Vendor780,1,,,,,,,,,,,,,,,,,
617,Vendor845,1,,,,,,,,,,,,,,,,,
618,Vendor366,1,,,,,,,,,,,,,,,,,
619,Vendor213,1,,,,,,,,,,,,,,,,,
620,Vendor010,1,,,,,,,,,,,,,,,,,
621,Vendor679,1,,,,,,,,,,,,,,,,,
622,Vendor001,1,,,,,,,,,,,,,,,,,
623,Vendor650,1,,,,,,,,,,,,,,,,,
624,Vendor804,1,,,,,,,,,,,,,,,,,
625,Vendor702,1,,,,,,,,,,,,,,,,,
626,Vendor747,1,,,,,,,,,,,,,,,,,
627,Vendor760,1,,,,,,,,,,,,,,,,,
628,Vendor376,1,,,,,,,,,,,,,,,,,
629,Vendor662,1,,,,,,,,,,,,,,,,,
630,Vendor191,1,,,,,,,,,,,,,,,,,
631,Vendor573,1,,,,,,,,,,,,,,,,,
632,Vendor537,1,,,,,,,,,,,,,,,,,
633,Vendor112,1,,,,,,,,,,,,,,,,,
634,Vendor411,1,,,,,,,,,,,,,,,,,
635,Vendor172,1,,,,,,,,,,,,,,,,,
636,Vendor538,1,,,,,,,,,,,,,,,,,
637,Vendor145,1,,,,,,,,,,,,,,,,,
638,Vendor268,1,,,,,,,,,,,,,,,,,
639,Vendor055,1,,,,,,,,,,,,,,,,,
640,Vendor750,1,,,,,,,,,,,,,,,,,
641,Vendor479,1,,,,,,,,,,,,,,,,,
642,Vendor118,1,,,,,,,,,,,,,,,,,
643,Vendor488,1,,,,,,,,,,,,,,,,,
644,Vendor151,1,,,,,,,,,,,,,,,,,
645,Vendor314,1,,,,,,,,,,,,,,,,,
646,Vendor262,1,,,,,,,,,,,,,,,,,
647,Vendor307,1,,,,,,,,,,,,,,,,,
648,Vendor258,1,,,,,,,,,,,,,,,,,
649,Vendor261,1,,,,,,,,,,,,,,,,,
650,Vendor480,1,,,,,,,,,,,,,,,,,
651,Vendor002,1,,,,,,,,,,,,,,,,,
652,Vendor504,1,,,,,,,,,,,,,,,,,
653,Vendor016,1,,,,,,,,,,,,,,,,,
654,Vendor440,1,,,,,,,,,,,,,,,,,
655,Vendor468,1,,,,,,,,,,,,,,,,,
656,Vendor070,1,,,,,,,,,,,,,,,,,
657,Vendor426,1,,,,,,,,,,,,,,,,,
658,Vendor493,1,,,,,,,,,,,,,,,,,
659,Vendor279,1,,,,,,,,,,,,,,,,,
660,Vendor335,1,,,,,,,,,,,,,,,,,
661,Vendor243,1,,,,,,,,,,,,,,,,,
662,Vendor442,1,,,,,,,,,,,,,,,,,
663,Vendor334,1,,,,,,,,,,,,,,,,,
664,Vendor387,1,,,,,,,,,,,,,,,,,
665,Vendor049,1,,,,,,,,,,,,,,,,,
666,Vendor248,1,,,,,,,,,,,,,,,,,
667,Vendor123,1,,,,,,,,,,,,,,,,,
668,Vendor342,1,,,,,,,,,,,,,,,,,
669,Vendor455,1,,,,,,,,,,,,,,,,,
670,Vendor126,1,,,,,,,,,,,,,,,,,
671,Vendor478,1,,,,,,,,,,,,,,,,,
672,Vendor398,1,,,,,,,,,,,,,,,,,
673,Vendor547,1,,,,,,,,,,,,,,,,,
674,Vendor290,1,,,,,,,,,,,,,,,,,
675,Vendor487,1,,,,,,,,,,,,,,,,,
676,Vendor748,1,,,,,,,,,,,,,,,,,
677,Vendor502,1,,,,,,,,,,,,,,,,,
678,Vendor371,1,,,,,,,,,,,,,,,,,
679,Vendor511,1,,,,,,,,,,,,,,,,,
680,Vendor457,1,,,,,,,,,,,,,,,,,
681,Vendor525,1,,,,,,,,,,,,,,,,,
682,Vendor384,1,,,,,,,,,,,,,,,,,
683,Vendor135,1,,,,,,,,,,,,,,,,,
684,Vendor120,1,,,,,,,,,,,,,,,,,
685,Vendor219,1,,,,,,,,,,,,,,,,,
686,Vendor266,1,,,,,,,,,,,,,,,,,
687,Vendor235,1,,,,,,,,,,,,,,,,,
688,Vendor060,1,,,,,,,,,,,,,,,,,
689,Vendor379,1,,,,,,,,,,,,,,,,,
690,Vendor056,1,,,,,,,,,,,,,,,,,
691,Vendor486,1,,,,,,,,,,,,,,,,,
692,Vendor032,1,,,,,,,,,,,,,,,,,
693,Vendor515,1,,,,,,,,,,,,,,,,,
694,Vendor477,1,,,,,,,,,,,,,,,,,
695,Vendor152,1,,,,,,,,,,,,,,,,,
696,Vendor410,1,,,,,,,,,,,,,,,,,
697,Vendor073,1,,,,,,,,,,,,,,,,,
698,Vendor370,1,,,,,,,,,,,,,,,,,
699,Vendor018,1,,,,,,,,,,,,,,,,,
700,Vendor425,1,,,,,,,,,,,,,,,,,
701,Vendor050,1,,,,,,,,,,,,,,,,,
702,Vendor036,1,,,,,,,,,,,,,,,,,
703,Vendor405,1,,,,,,,,,,,,,,,,,
704,Vendor350,1,,,,,,,,,,,,,,,,,
705,Vendor834,1,,,,,,,,,,,,,,,,,
706,Vendor484,1,,,,,,,,,,,,,,,,,
707,Vendor250,1,,,,,,,,,,,,,,,,,
708,Vendor406,1,,,,,,,,,,,,,,,,,
709,Vendor119,1,,,,,,,,,,,,,,,,,
710,Vendor474,1,,,,,,,,,,,,,,,,,
711,Vendor174,1,,,,,,,,,,,,,,,,,
712,Vendor520,1,,,,,,,,,,,,,,,,,
713,Vendor028,1,,,,,,,,,,,,,,,,,
714,Vendor360,1,,,,,,,,,,,,,,,,,
715,Vendor331,1,,,,,,,,,,,,,,,,,
716,Vendor351,1,,,,,,,,,,,,,,,,,
717,Vendor035,1,,,,,,,,,,,,,,,,,
718,Vendor643,1,,,,,,,,,,,,,,,,,
719,Vendor695,1,,,,,,,,,,,,,,,,,
720,Vendor672,1,,,,,,,,,,,,,,,,,
721,Vendor534,1,,,,,,,,,,,,,,,,,
722,Vendor435,1,,,,,,,,,,,,,,,,,
723,Vendor465,1,,,,,,,,,,,,,,,,,
724,Vendor133,1,,,,,,,,,,,,,,,,,
725,Vendor380,1,,,,,,,,,,,,,,,,,
726,Vendor473,1,,,,,,,,,,,,,,,,,
727,Vendor129,1,,,,,,,,,,,,,,,,,
728,Vendor136,1,,,,,,,,,,,,,,,,,
729,Vendor751,1,,,,,,,,,,,,,,,,,
730,Vendor089,1,,,,,,,,,,,,,,,,,
731,Vendor098,1,,,,,,,,,,,,,,,,,
732,Vendor280,1,,,,,,,,,,,,,,,,,
733,Vendor436,1,,,,,,,,,,,,,,,,,
734,Vendor373,1,,,,,,,,,,,,,,,,,
735,Vendor512,1,,,,,,,,,,,,,,,,,
736,Vendor256,1,,,,,,,,,,,,,,,,,
737,Vendor044,1,,,,,,,,,,,,,,,,,
738,Vendor273,1,,,,,,,,,,,,,,,,,
739,Vendor528,1,,,,,,,,,,,,,,,,,
740,Vendor091,1,,,,,,,,,,,,,,,,,
741,Vendor367,1,,,,,,,,,,,,,,,,,
742,Vendor407,1,,,,,,,,,,,,,,,,,
743,Vendor240,1,,,,,,,,,,,,,,,,,
744,Vendor178,1,,,,,,,,,,,,,,,,,
745,Vendor348,1,,,,,,,,,,,,,,,,,
746,Vendor489,1,,,,,,,,,,,,,,,,,
747,Vendor163,1,,,,,,,,,,,,,,,,,
748,Vendor341,1,,,,,,,,,,,,,,,,,
749,Vendor211,1,,,,,,,,,,,,,,,,,
750,Vendor024,1,,,,,,,,,,,,,,,,,
751,Vendor006,1,,,,,,,,,,,,,,,,,
752,Vendor193,1,,,,,,,,,,,,,,,,,
753,Vendor774,1,,,,,,,,,,,,,,,,,
754,Vendor388,1,,,,,,,,,,,,,,,,,
755,Vendor692,1,,,,,,,,,,,,,,,,,
756,Vendor616,1,,,,,,,,,,,,,,,,,
757,Vendor274,1,,,,,,,,,,,,,,,,,
758,Vendor742,1,,,,,,,,,,,,,,,,,
759,Vendor836,1,,,,,,,,,,,,,,,,,
760,Vendor709,1,,,,,,,,,,,,,,,,,
761,Vendor577,1,,,,,,,,,,,,,,,,,
762,Vendor565,1,,,,,,,,,,,,,,,,,
763,Vendor659,1,,,,,,,,,,,,,,,,,
764,Vendor632,1,,,,,,,,,,,,,,,,,
765,Vendor591,1,,,,,,,,,,,,,,,,,
766,Vendor734,1,,,,,,,,,,,,,,,,,
767,Vendor404,1,,,,,,,,,,,,,,,,,
768,Vendor683,1,,,,,,,,,,,,,,,,,
769,Vendor552,1,,,,,,,,,,,,,,,,,
770,Vendor869,1,,,,,,,,,,,,,,,,,
771,Vendor849,1,,,,,,,,,,,,,,,,,
772,Vendor304,1,,,,,,,,,,,,,,,,,
773,Vendor501,1,,,,,,,,,,,,,,,,,
774,Vendor854,1,,,,,,,,,,,,,,,,,
775,Vendor843,1,,,,,,,,,,,,,,,,,
776,Vendor523,1,,,,,,,,,,,,,,,,,
777,Vendor272,1,,,,,,,,,,,,,,,,,
778,Vendor812,1,,,,,,,,,,,,,,,,,
779,Vendor758,1,,,,,,,,,,,,,,,,,
780,Vendor470,1,,,,,,,,,,,,,,,,,
781,Vendor694,1,,,,,,,,,,,,,,,,,
782,Vendor771,1,,,,,,,,,,,,,,,,,
783,Vendor824,1,,,,,,,,,,,,,,,,,
784,Vendor855,1,,,,,,,,,,,,,,,,,
785,Vendor431,1,,,,,,,,,,,,,,,,,
786,Vendor635,1,,,,,,,,,,,,,,,,,
787,Vendor842,1,,,,,,,,,,,,,,,,,
788,Vendor597,1,,,,,,,,,,,,,,,,,
789,Vendor663,1,,,,,,,,,,,,,,,,,
790,Vendor451,1,,,,,,,,,,,,,,,,,
791,Vendor469,1,,,,,,,,,,,,,,,,,
792,Vendor111,1,,,,,,,,,,,,,,,,,
793,Vendor792,1,,,,,,,,,,,,,,,,,
794,Vendor058,1,,,,,,,,,,,,,,,,,
795,Vendor333,1,,,,,,,,,,,,,,,,,
796,Vendor689,1,,,,,,,,,,,,,,,,,
797,Vendor798,1,,,,,,,,,,,,,,,,,
798,Vendor329,1,,,,,,,,,,,,,,,,,
799,Vendor259,1,,,,,,,,,,,,,,,,,
800,Vendor433,1,,,,,,,,,,,,,,,,,
801,Vendor302,1,,,,,,,,,,,,,,,,,
802,Vendor561,1,,,,,,,,,,,,,,,,,
803,Vendor851,1,,,,,,,,,,,,,,,,,
804,Vendor437,1,,,,,,,,,,,,,,,,,
805,Vendor541,1,,,,,,,,,,,,,,,,,
806,Vendor705,1,,,,,,,,,,,,,,,,,
807,Vendor195,1,,,,,,,,,,,,,,,,,
808,Vendor726,1,,,,,,,,,,,,,,,,,
809,Vendor321,1,,,,,,,,,,,,,,,,,
810,Vendor207,1,,,,,,,,,,,,,,,,,
811,Vendor631,1,,,,,,,,,,,,,,,,,
812,Vendor770,1,,,,,,,,,,,,,,,,,
813,Vendor710,1,,,,,,,,,,,,,,,,,
814,Vendor021,1,,,,,,,,,,,,,,,,,
815,Vendor270,1,,,,,,,,,,,,,,,,,
816,Vendor452,1,,,,,,,,,,,,,,,,,
817,Vendor779,1,,,,,,,,,,,,,,,,,
818,Vendor524,1,,,,,,,,,,,,,,,,,
819,Vendor062,1,,,,,,,,,,,,,,,,,
820,Vendor292,1,,,,,,,,,,,,,,,,,
821,Vendor096,1,,,,,,,,,,,,,,,,,
822,Vendor252,1,,,,,,,,,,,,,,,,,
823,Vendor461,1,,,,,,,,,,,,,,,,,
824,Vendor464,1,,,,,,,,,,,,,,,,,
825,Vendor043,1,,,,,,,,,,,,,,,,,
826,Vendor157,1,,,,,,,,,,,,,,,,,
827,Vendor421,1,,,,,,,,,,,,,,,,,
828,Vendor391,1,,,,,,,,,,,,,,,,,
829,Vendor340,1,,,,,,,,,,,,,,,,,
830,Vendor276,1,,,,,,,,,,,,,,,,,
831,Vendor168,1,,,,,,,,,,,,,,,,,
832,Vendor042,1,,,,,,,,,,,,,,,,,
833,Vendor529,1,,,,,,,,,,,,,,,,,
834,Vendor318,1,,,,,,,,,,,,,,,,,
835,Vendor257,1,,,,,,,,,,,,,,,,,
836,Vendor390,1,,,,,,,,,,,,,,,,,
837,Vendor110,1,,,,,,,,,,,,,,,,,
838,Vendor005,1,,,,,,,,,,,,,,,,,
839,Vendor225,1,,,,,,,,,,,,,,,,,
840,Vendor602,1,,,,,,,,,,,,,,,,,
841,Vendor500,1,,,,,,,,,,,,,,,,,
842,Vendor345,1,,,,,,,,,,,,,,,,,
843,Vendor003,1,,,,,,,,,,,,,,,,,
844,Vendor022,1,,,,,,,,,,,,,,,,,
845,Vendor142,1,,,,,,,,,,,,,,,,,
846,Vendor571,1,,,,,,,,,,,,,,,,,
847,Vendor422,1,,,,,,,,,,,,,,,,,
848,Vendor777,1,,,,,,,,,,,,,,,,,
849,Vendor585,1,,,,,,,,,,,,,,,,,
850,Vendor297,1,,,,,,,,,,,,,,,,,
851,Vendor205,1,,,,,,,,,,,,,,,,,
852,Vendor835,1,,,,,,,,,,,,,,,,,
853,Vendor072,1,,,,,,,,,,,,,,,,,
854,Vendor661,1,,,,,,,,,,,,,,,,,
855,Vendor206,1,,,,,,,,,,,,,,,,,
856,Vendor590,1,,,,,,,,,,,,,,,,,
857,Vendor544,1,,,,,,,,,,,,,,,,,
858,Vendor696,1,,,,,,,,,,,,,,,,,
859,Vendor769,1,,,,,,,,,,,,,,,,,
860,Vendor015,1,,,,,,,,,,,,,,,,,
861,Vendor363,1,,,,,,,,,,,,,,,,,
862,Vendor040,1,,,,,,,,,,,,,,,,,
863,Vendor867,1,,,,,,,,,,,,,,,,,
864,Vendor008,1,,,,,,,,,,,,,,,,,
865,Vendor187,1,,,,,,,,,,,,,,,,,
866,Vendor196,1,,,,,,,,,,,,,,,,,
867,Vendor332,1,,,,,,,,,,,,,,,,,
868,Vendor745,1,,,,,,,,,,,,,,,,,
869,Vendor708,1,,,,,,,,,,,,,,,,,
870,Vendor508,1,,,,,,,,,,,,,,,,,
871,Vendor182,1,,,,,,,,,,,,,,,,,
872,Vendor201,1,,,,,,,,,,,,,,,,,
