,Vendor,count,Service,Service_extend,Service_outdated,Frontend,Frontend_extend,Frontend_extend_2,Database,Backend,Backend_extend,APIs
0,No Name,72235,,,,,,,,,,
1,Vendor067,14491,Apache,,,JavaScript,CSS,Half Rely on Third-Party Framework,MySQL,HTTP,1,internal
2,Vendor372,4974,,,,JavaScript,CSS,Half Rely on Third-Party Framework,,HTTP,1,
3,Vendor383,3914,,,,JavaScript,CSS,Half Rely on Third-Party Framework,,HTTP,1.1,RESTful API
4,Vendor281,3896,Apache,,,JavaScript,,Half Rely on Third-Party Framework,,,,
5,Vendor369,2438,Apache,,,JavaScript,,Own Frontend Design,,,,
6,Vendor199,2291,,,,,CSS,Own Frontend Design,,HTTP,1,
7,Vendor521,2273,Apache,,,JavaScript,,Half Rely on Third-Party Framework,,HTTP,1.1,
8,Vendor041,2080,,,,JavaScript,,Half Rely on Third-Party Framework,,HTTP,1,
9,Vendor229,1506,,,,JavaScript,,Half Rely on Third-Party Framework,,HTTP,1,
10,Vendor160,1494,Apache,,,JavaScript,CSS,Half Rely on Third-Party Framework,,HTTP,1.1,
11,Vendor409,1422,nginx,,1.18.0,,CSS,Own Frontend Design,,HTTP,1.1,
12,Vendor221,1219,nginx,,,,,Own Frontend Design,,HTTP,1.1,
13,Vendor011,850,,,,,CSS,Own Frontend Design,,HTTP,1.1,
14,Vendor241,778,,,,JavaScript,CSS,Half Rely on Third-Party Framework,,HTTP,1.1,RESTful API
15,Vendor202,720,nginx,,,JavaScript,CSS,Half Rely on Third-Party Framework,,HTTP,1.1,
16,Vendor246,648,,,,JavaScript,CSS,Own Frontend Design,,HTTP,1.1,
17,Vendor130,472,,,,JavaScript,CSS,Based on Third Party Framework,,HTTP,1.1,RESTful API
18,Vendor180,426,Apache,,2.4.18,JavaScript,CSS,Half Rely on Third-Party Framework,,HTTP,1.1,
19,Vendor210,390,,,,,,Half Rely on Third-Party Framework,,,,
20,Vendor531,340,Apache,,,JavaScript,CSS,Based on Third Party Framework,,,,
21,Vendor305,334,,,,,CSS,Own Frontend Design,,HTTP,1.1,
22,Vendor094,288,CirCarLife Scada v4.2.4,,,,,Based on Third Party Framework,,,,
23,Vendor419,218,Apache,,(Debian),JavaScript,,Based on Third Party Framework,,,,
24,Vendor539,202,nginx,,,JavaScript,CSS,Own Frontend Design,,,,
25,Vendor499,180,nginx,,,JavaScript,,Half Rely on Third-Party Framework,,HTTP,1.1,
26,Vendor381,146,lighttpd,1.4.67,PHP/8.1.16,JavaScript,CSS,Own Frontend Design,,,,
27,Vendor061,145,awselb,2,,,,Half Rely on Third-Party Framework,,,,
28,Vendor497,121,Apache,,,,,Half Rely on Third-Party Framework,,,,
29,Vendor197,117,Apache,,,JavaScript,,Half Rely on Third-Party Framework,,HTTP,1.1,
30,Vendor337,113,nginx,,,Javascript,CSS,Own Frontend Design,,HTTP,1.1,
31,Vendor308,107,nginx,,,Javascript,CSS,Half Rely on Third-Party Framework,,HTTP,1.1,
32,Vendor017,106,Apache,/2.4.29 (Ubuntu),,Javascript,,Own Frontend Design,,HTTP,1.1,
33,Vendor412,105,nginx,,,Javascript,,Half Rely on Third-Party Framework,,HTTP,5051,
34,Vendor184,104,Werkzeug/1.0.1 Python/3.8.7rc1+,,,Javascript,,Half Rely on Third-Party Framework,,HTTP,1,
35,Vendor116,102,nginx,,,Javascript,,Own Frontend Design,,HTTP,1.1,
36,Vendor200,101,,,,Javascript,CSS,Half Rely on Third-Party Framework,,HTTP,1.1,
37,Vendor491,101,cFos Charging Manager 2.1.9-beta,,,Javascript,,Half Rely on Third-Party Framework,,HTTP,2.0.1,
38,Vendor203,99,nginx,/1.22.1,,,,Half Rely on Third-Party Framework,,HTTP,1.1,
39,Vendor069,97,,,,,,Own Frontend Design,,HTTP,1.1,
40,Vendor347,96,nginx,/1.15.7,,Javascript,CSS,Based on Third Party Framework,,HTTP,1.1,
41,Vendor446,90,nginx,,,Javascript,CSS,Half Rely on Third-Party Framework,,HTTP,1.1,
42,Vendor338,87,Express,,,,,Half Rely on Third-Party Framework,,HTTP,1.1,
43,Vendor165,81,,,,Javascript,CSS,Own Frontend Design,,HTTP,1.1,
44,Vendor447,78,nginx,,,Javascript,CSS,Own Frontend Design,,HTTP,1.1,
45,Vendor164,77,cloudflare,,,Javascript,CSS,Own Frontend Design,,HTTP,1.1,
46,Vendor078,74,Next.js,,,Javascript,,Half Rely on Third-Party Framework,,HTTP,1.1,
47,Vendor496,72,Microsoft-IIS,/10.0,,,,Half Rely on Third-Party Framework,,HTTP,1.1,
48,Vendor382,68,webserver,,,,,Own Frontend Design,,HTTP,1,
49,Vendor626,66,nginx,,,,CSS,Own Frontend Design,,HTTP,1.1,
50,Vendor346,62,,,,,CSS,Own Frontend Design,,HTTP,1,
51,Vendor176,60,,,,,,Own Frontend Design,,HTTP,1,
52,Vendor204,59,cloudflare,,,,,,,HTTP,1.1,
53,Vendor540,59,,,,Javascript,,Own Frontend Design,,HTTP,1.1,
54,Vendor150,58,Caddy,,,,,Half Rely on Third-Party Framework,,HTTP,1.1,
55,Vendor063,50,LiteSpeed,,,,CSS,Own Frontend Design,,HTTP,1.1,
56,Vendor214,48,nginx,/1.20.1,,,,,,HTTP,1.1,
57,Vendor146,47,,,,Javascript,,Own Frontend Design,,HTTP,1,
58,Vendor233,45,Apache,/2.4.18 (Ubuntu),,,CSS,Own Frontend Design,,HTTP,1.1,
59,Vendor621,44,nginx,/1.4.7,,Javascript,CSS,Half Rely on Third-Party Framework,,HTTP,1.1,
60,Vendor673,42,nginx,,,Javascript,CSS,Half Rely on Third-Party Framework,,HTTP,1.1,
61,Vendor490,41,Apache,,,,,Based on Third Party Framework,,HTTP,1.1,
62,Vendor543,41,,,,,,Own Frontend Design,,HTTP,1,
63,Vendor389,41,,,,,,Own Frontend Design,,HTTP,1.1,
64,Vendor326,40,Kestrel,,,,CSS,Half Rely on Third-Party Framework,,HTTP,1.1,
65,Vendor037,35,Apache,/2.4.58 () OpenSSL/1.0.2k-fips,,,CSS,Own Frontend Design,,HTTP,1.1,
66,Vendor598,34,,,,Javascript,CSS,Based on Third Party Framework,,HTTP,1.1,
67,Vendor605,34,Apache,,,Javascript,,Half Rely on Third-Party Framework,,HTTP,1.1,
68,Vendor495,31,nginx,/1.18.0 (Ubuntu),,,CSS,Half Rely on Third-Party Framework,,HTTP,1.1,
69,Vendor546,31,Apache,,,Javascript,,Half Rely on Third-Party Framework,,HTTP,1.1,
70,Vendor825,31,Apache,/2.4.23 (Win32) OpenSSL/1.0.2j mod_fcgid/2.3.9,,Javascript,CSS,Half Rely on Third-Party Framework,,HTTP,1.1,
71,Vendor503,30,Apache,,,,CSS,Half Rely on Third-Party Framework,,HTTP,1.1,
72,Vendor628,30,nginx,,,,,Own Frontend Design,,HTTP,200,
73,Vendor285,29,,,,Javascript,,Own Frontend Design,,HTTP,1.1,
74,Vendor325,28,nginx,,,Javascript,,Half Rely on Third-Party Framework,,HTTP,1.1,
75,Vendor599,28,nginx,/1.12.2,,Javascript,CSS,Own Frontend Design,,HTTP,1.1,
76,Vendor245,27,cFos Charging Manager 2.0.8,,,Javascript,,Half Rely on Third-Party Framework,,HTTP,2.1.9,
77,Vendor310,27,awselb/2.0,,,Javascript,,Half Rely on Third-Party Framework,,HTTP,1.1,
78,Vendor155,26,Apache,,,Javascript,,Half Rely on Third-Party Framework,,HTTP,1,
79,Vendor226,26,,,,Javascript,CSS,Half Rely on Third-Party Framework,,HTTP,1,
80,Vendor012,24,,,,,CSS,Half Rely on Third-Party Framework,,HTTP,1.1,
81,Vendor816,23,Apache,/2.4.33 (Unix),,Javascript,CSS,Half Rely on Third-Party Framework,,HTTP,1.1,
82,Vendor074,22,nginx,,,,,Own Frontend Design,,HTTP,1.1,
83,Vendor224,21,awselb/2.0,,,,,Own Frontend Design,,,,
84,Vendor492,20,cFos Charging Manager 2.0.8,,,Javascript,CSS,Half Rely on Third-Party Framework,,HTTP,1.1,
85,Vendor014,19,,,,Javascript,CSS,Own Frontend Design,,HTTP,1.1,
86,Vendor655,19,Apache,/2.4.58 (Unix) OpenSSL/1.0.2k-fips,,Javascript,CSS,Half Rely on Third-Party Framework,,HTTP,1.1,
87,Vendor676,19,nginx,,,Javascript,CSS,Half Rely on Third-Party Framework,,HTTP,1.1,
88,Vendor031,18,,,,,CSS,Own Frontend Design,,HTTP,1.1,
89,Vendor181,18,,,,,CSS,Own Frontend Design,,HTTP,1.1,
90,Vendor551,17,Microsoft-IIS,/10.0,,Javascript,,Own Frontend Design,,HTTP,1.1,
91,Vendor704,17,nginx,/1.20.1,,Javascript,CSS,Half Rely on Third-Party Framework,,HTTP,1.1,
92,Vendor454,17,,,,,,Own Frontend Design,,HTTP,1.1,
93,Vendor322,17,nginx,/1.10.3 (Ubuntu),,Javascript,CSS,Based on Third Party Framework,,HTTP,1.1,
94,Vendor601,16,Microsoft-IIS,/10.0,,Javascript,CSS,Half Rely on Third-Party Framework,,HTTP,1.1,
95,Vendor255,16,,,,Javascript,CSS,Half Rely on Third-Party Framework,,HTTP,1,
96,Vendor047,15,Apache,,,Javascript,,Half Rely on Third-Party Framework,,HTTP,1.1,
97,Vendor458,15,nginx,/1.22.0,,,CSS,Based on Third Party Framework,,HTTP,1.1,
98,Vendor584,15,nginx,,,Javascript,CSS,Half Rely on Third-Party Framework,,HTTP,1.1,
99,Vendor052,15,Apache,/2.4.41 (Ubuntu),,,,Own Frontend Design,,HTTP,1.1,
100,Vendor737,15,nginx,/1.15.8,,,,Own Frontend Design,,HTTP,1.1,
101,Vendor574,15,nginx,/1.16.0,,Javascript,CSS,Own Frontend Design,,HTTP,1.1,
102,Vendor724,13,nginx,/1.18.0 (Ubuntu),,,CSS,Half Rely on Third-Party Framework,,HTTP,1.1,
103,Vendor004,13,Caddy,,,Javascript,CSS,Half Rely on Third-Party Framework,,HTTP,1.1,
104,Vendor190,12,nginx,,,Javascript,,Own Frontend Design,,HTTP,1.1,
105,Vendor582,12,nginx,/1.18.0,,Javascript,CSS,Half Rely on Third-Party Framework,,HTTP,1.1,
106,Vendor548,12,nginx,/1.21.3,,Javascript,,Half Rely on Third-Party Framework,,HTTP,1.1,
107,Vendor247,11,openresty/1.21.4.1,,,,CSS,Own Frontend Design,,HTTP,1.1,
108,Vendor668,11,Apache,,,Javascript,,Half Rely on Third-Party Framework,,HTTP,1.1,
109,Vendor394,11,Kestrel,,,,,Own Frontend Design,,,,
110,Vendor359,11,nginx,/1.22.1,,Javascript,CSS,Based on Third Party Framework,,HTTP,1.1,
111,Vendor026,11,,,,Javascript,CSS,Own Frontend Design,,HTTP,1,
112,Vendor108,10,,,,Javascript,CSS,Own Frontend Design,,HTTP,1.1,
113,Vendor681,10,JBoss-EAP/7,,,Javascript,CSS,Half Rely on Third-Party Framework,,HTTP,1,
114,Vendor295,10,nginx,/1.22.1,,,CSS,Own Frontend Design,,HTTP,1.1,
115,Vendor306,10,,,,,CSS,Own Frontend Design,,HTTP,1.1,
116,Vendor556,9,awselb/2.0,,,,CSS,Own Frontend Design,,HTTP,1.1,
117,Vendor625,9,nginx,,,,CSS,Own Frontend Design,,HTTP,1.1,
118,Vendor459,9,nginx,/1.22.0,,,,Based on Third Party Framework,,HTTP,1.1,
119,Vendor336,9,,,,,,Own Frontend Design,,HTTP,1.1,
120,Vendor424,9,lighttpd/1.4.53,,,Javascript,,Half Rely on Third-Party Framework,,HTTP,1.1,
121,Vendor222,9,,,,Javascript,CSS,Own Frontend Design,,HTTP,1.1,
122,Vendor821,9,nginx,/1.24.0,,Javascript,CSS,Half Rely on Third-Party Framework,,HTTP,1.1,
123,Vendor339,9,kong/2.6.1,,,Javascript,CSS,Half Rely on Third-Party Framework,,HTTP,1.1,
124,Vendor291,9,,,,,,Own Frontend Design,,HTTP,1.1,
125,Vendor639,8,,,,Javascript,CSS,Half Rely on Third-Party Framework,,HTTP,1.1,
126,Vendor414,8,,,,,CSS,Own Frontend Design,,HTTP,1.1,
127,Vendor498,8,,,,Javascript,CSS,Based on Third Party Framework,,HTTP,1.1,
128,Vendor208,8,nginx,,,Javascript,CSS,Own Frontend Design,,HTTP,1.1,
129,Vendor594,8,nginx,/1.14.1,,Javascript,CSS,Half Rely on Third-Party Framework,,HTTP,1.1,
130,Vendor099,8,nginx,,,Javascript,CSS,Half Rely on Third-Party Framework,,HTTP,1.1,
131,Vendor100,8,,,,,CSS,Own Frontend Design,,HTTP,1.1,
132,Vendor817,8,Microsoft-IIS,/8.0,,Javascript,CSS,Based on Third Party Framework,,HTTP,1.1,
133,Vendor385,8,Apache,/2.4.52 () PHP/7.3.30,,,CSS,Half Rely on Third-Party Framework,,,,
134,Vendor685,8,nginx,/1.22.1,,Javascript,CSS,Half Rely on Third-Party Framework,,HTTP,1.1,
135,Vendor009,8,awselb/2.0,,,Javascript,,Based on Third Party Framework,,,,
136,Vendor392,8,nginx,,,Javascript,,Half Rely on Third-Party Framework,,HTTP,1.1,
137,Vendor810,7,Kestrel,,,Javascript,CSS,Half Rely on Third-Party Framework,,HTTP,1.1,
138,Vendor220,7,Microsoft-IIS,/10.0,,Javascript,,Half Rely on Third-Party Framework,,HTTP,1.1,
139,Vendor785,7,nginx,,,Javascript,,Based on Third Party Framework,,HTTP,1.1,
140,Vendor638,7,nginx,/1.20.1,,Javascript,CSS,Half Rely on Third-Party Framework,,HTTP,1.1,
141,Vendor699,7,nginx,/1.25.1,,Javascript,CSS,Half Rely on Third-Party Framework,,HTTP,1.1,
142,Vendor671,7,nginx,/1.18.0 (Ubuntu),,Javascript,CSS,Half Rely on Third-Party Framework,,HTTP,1.1,
143,Vendor039,7,Kestrel,,,,,Own Frontend Design,,HTTP,1.1,
144,Vendor238,7,,,,Javascript,,Own Frontend Design,,HTTP,1.1,
145,Vendor065,7,,,,Javascript,CSS,Own Frontend Design,,HTTP,1.1,
146,Vendor023,7,Apache,,,,,Own Frontend Design,,HTTP,1.1,
147,Vendor034,7,Microsoft-IIS,/8.5,,,,Own Frontend Design,,HTTP,1.1,
148,Vendor736,7,elb,,,Javascript,,Own Frontend Design,,HTTP,1.1,
149,Vendor776,6,,,,Javascript,,Own Frontend Design,,HTTP,1.1,
150,Vendor721,6,Werkzeug/2.0.2 Python/3.10.12,,,Javascript,CSS,Own Frontend Design,,HTTP,1,
151,Vendor298,6,Apache,"```
/2.4.52 (Ubuntu)
```",,Javascript,CSS,Half Rely on Third-Party Framework,,HTTP,1.1,
152,Vendor420,6,Apache,,,,,Own Frontend Design,,HTTP,1.1,
153,Vendor860,6,,,,Javascript,CSS,Half Rely on Third-Party Framework,,HTTP,1.1,
154,Vendor698,6,,,,Javascript,,Half Rely on Third-Party Framework,,HTTP,1.1,
155,Vendor670,6,nginx,/1.10.3 (Ubuntu),,Javascript,CSS,Half Rely on Third-Party Framework,,HTTP,1.1,
156,Vendor107,6,Werkzeug/0.9.6 Python/2.7.5,,,,CSS,Own Frontend Design,,HTTP,1.1,
157,Vendor352,6,nginx,,,,,Own Frontend Design,,HTTP,1.1,
158,Vendor682,6,nginx,,,Javascript,,Half Rely on Third-Party Framework,,HTTP,1.1,
159,Vendor254,6,,,,,,Own Frontend Design,,HTTP,1.1,
160,Vendor658,6,nginx,/1.20.1,,Javascript,CSS,Half Rely on Third-Party Framework,,HTTP,1.1,
161,Vendor555,6,Apache,/2.4.57 (Win64) OpenSSL/3.1.1 PHP/5.6.9,,,CSS,Half Rely on Third-Party Framework,,HTTP,1.1,
162,Vendor166,6,gSOAP/2.8,,,,,Based on Third Party Framework,,HTTP,1.1,
163,Vendor623,6,,,,,CSS,Own Frontend Design,,HTTP,1.1,
164,Vendor595,6,nginx,,,Javascript,CSS,Based on Third Party Framework,,HTTP,1.1,
165,Vendor846,6,Microsoft-IIS,/10.0,,Javascript,CSS,Own Frontend Design,,HTTP,1.1,
166,Vendor086,6,,,,,,Own Frontend Design,,,,
167,Vendor840,6,nginx,/1.22.0,,Javascript,CSS,Half Rely on Third-Party Framework,,HTTP,1.1,
168,Vendor728,6,nginx,,,Javascript,,Based on Third Party Framework,,HTTP,1.1,
169,Vendor249,6,,,,,CSS,Own Frontend Design,,HTTP,1.1,
170,Vendor400,5,,,,Javascript,CSS,Own Frontend Design,,HTTP,1,
171,Vendor231,5,Global Industries EvOne+32 WiFi,,,Javascript,CSS,Half Rely on Third-Party Framework,,HTTP,1,
172,Vendor007,5,Apache,/2.4.38 (Debian),,Javascript,,Own Frontend Design,,,,
173,Vendor514,5,nginx,/1.24.0 (Ubuntu),,Javascript,CSS,Half Rely on Third-Party Framework,,HTTP,1.1,
174,Vendor805,5,nginx,,,Javascript,,Half Rely on Third-Party Framework,,HTTP,1.1,
175,Vendor102,5,nginx,/1.25.3,,Javascript,CSS,Based on Third Party Framework,,HTTP,1.1,
176,Vendor608,5,nginx,,,,CSS,Own Frontend Design,,HTTP,1.1,
177,Vendor614,5,nginx,/1.14.1,,Javascript,CSS,Half Rely on Third-Party Framework,,HTTP,1.1,
178,Vendor532,5,lighttpd/1.4.67,,,Javascript,,Own Frontend Design,,HTTP,1.1,
179,Vendor741,5,Microsoft-IIS,/8.5,,Javascript,,Half Rely on Third-Party Framework,,HTTP,1.1,
180,Vendor861,5,nginx,/1.12.2,,Javascript,CSS,Half Rely on Third-Party Framework,,HTTP,1.1,
181,Vendor553,5,Apache,/2.4.6 (CentOS) PHP/7.0.33,,Javascript,CSS,Own Frontend Design,,HTTP,1.1,
182,Vendor081,5,Microsoft-IIS,/10.0,,,,Half Rely on Third-Party Framework,,,,
183,Vendor536,5,Apache,/2.4.52 (Unix) OpenSSL/1.1.1n,,Javascript,CSS,Half Rely on Third-Party Framework,,,,
184,Vendor103,5,Apache,/2.4.54 (Win64) OpenSSL/1.1.1p PHP/8.1.10,,,CSS,Based on Third Party Framework,,HTTP,1.1,
185,Vendor866,5,nginx,/1.17.10,,Javascript,,Half Rely on Third-Party Framework,,HTTP,1.1,
186,Vendor364,5,Express,,,Javascript,CSS,Based on Third Party Framework,,HTTP,1.1,
187,Vendor186,5,nginx,/1.10.3 (Ubuntu),,,,Own Frontend Design,,HTTP,1.1,
188,Vendor788,5,nginx,,,Javascript,,Half Rely on Third-Party Framework,,HTTP,1.1,
189,Vendor472,4,nginx,/1.18.0 (Ubuntu),,Javascript,CSS,Half Rely on Third-Party Framework,,HTTP,1.1,
190,Vendor029,4,Apache,/2.4.59 (Amazon Linux),,,,Half Rely on Third-Party Framework,,HTTP,1.1,
191,Vendor324,4,Apache,/2.4.29 (Ubuntu),,Javascript,CSS,Half Rely on Third-Party Framework,,HTTP,1.1,
192,Vendor607,4,nginx,/1.15.10,,,CSS,Own Frontend Design,,HTTP,1.1,
193,Vendor236,4,,,,Javascript,CSS,Own Frontend Design,,HTTP,1,
194,Vendor647,4,nginx,/1.21.5,,Javascript,CSS,Half Rely on Third-Party Framework,,HTTP,1.1,
195,Vendor527,4,,,,Javascript,CSS,Half Rely on Third-Party Framework,,HTTP,1,
196,Vendor718,4,nginx,/1.16.0,,Javascript,CSS,Based on Third Party Framework,,HTTP,1.1,
197,Vendor644,4,nginx,,,,CSS,Own Frontend Design,,HTTP,1.1,
198,Vendor526,4,,,,,,Own Frontend Design,,,,
199,Vendor020,4,,,,Javascript,,Half Rely on Third-Party Framework,,HTTP,1.1,
200,Vendor592,4,nginx,/1.12.2,,Javascript,CSS,Half Rely on Third-Party Framework,,HTTP,1.1,
201,Vendor403,4,nginx,,,,,Cannot determine the frontend design based on the provided HTTP response content.,,HTTP,1.1,
202,Vendor563,4,nginx,,,,CSS,Own Frontend Design,,HTTP,1.1,
203,Vendor731,4,nginx,,,Javascript,CSS,Half Rely on Third-Party Framework,,HTTP,1.1,
204,Vendor445,4,nginx,,,,,Half Rely on Third-Party Framework,,HTTP,1.1,
205,Vendor232,4,Apache,,,,,Half Rely on Third-Party Framework,,,,
206,Vendor169,4,Apache,/2.4.58 (Ubuntu),,Javascript,,Own Frontend Design,,HTTP,1.1,
207,Vendor046,4,nginx,/1.18.0 (Ubuntu),,Javascript,CSS,Half Rely on Third-Party Framework,,HTTP,1.1,
208,Vendor143,4,nginx,,,Javascript,,Own Frontend Design,,HTTP,1,
209,Vendor275,4,AndServer/2.0.0,,,,,Own Frontend Design,,HTTP,1.1,
210,Vendor651,4,nginx,,,Javascript,CSS,Half Rely on Third-Party Framework,,HTTP,1.1,
211,Vendor569,4,,,,Javascript,CSS,Half Rely on Third-Party Framework,,HTTP,1.1,
212,Vendor377,3,Apache,,,Javascript,CSS,Half Rely on Third-Party Framework,,HTTP,1.1,
213,Vendor300,3,Apache,/2.4.38 (Raspbian),,,,Half Rely on Third-Party Framework,,HTTP,1.1,
214,Vendor645,3,nginx,/1.13.8,,Javascript,CSS,Based on Third Party Framework,,HTTP,1.1,
215,Vendor260,3,Apache,,,Javascript,,Own Frontend Design,,HTTP,1.1,
216,Vendor443,3,,,,,,Own Frontend Design,,HTTP,1.1,
217,Vendor570,3,Microsoft-IIS,/7.5,,Javascript,CSS,Own Frontend Design,,HTTP,1.1,
218,Vendor327,3,Kestrel,,,Javascript,CSS,Half Rely on Third-Party Framework,,HTTP,1.1,
219,Vendor386,3,,,,,CSS,Own Frontend Design,,HTTP,1.1,
220,Vendor627,3,,,,Javascript,CSS,Half Rely on Third-Party Framework,,HTTP,1.1,
221,Vendor293,3,,,,Javascript,CSS,Own Frontend Design,,HTTP,1,
222,Vendor675,3,,,,Javascript,CSS,Half Rely on Third-Party Framework,,HTTP,1.1,
223,Vendor319,3,nginx,/1.8.1,,,,Own Frontend Design,,HTTP,1.1,
224,Vendor872,3,nginx,,,,CSS,Own Frontend Design,,HTTP,1.1,
225,Vendor149,3,nginx,/1.25.3,,,CSS,Own Frontend Design,,HTTP,1.1,
226,Vendor265,3,Apache,/2.4.29 (Ubuntu),,,CSS,Half Rely on Third-Party Framework,,HTTP,1.1,
227,Vendor374,3,Apache,,,Javascript,,Own Frontend Design,,HTTP,1.1,
228,Vendor131,3,nginx,,,,,Own Frontend Design,,HTTP,1.1,
229,Vendor399,3,,,,,,Own Frontend Design,,HTTP,1,
230,Vendor533,3,,,,,,Own Frontend Design,,,,
231,Vendor085,3,Apache,/2.4.48 (Unix) OpenSSL/1.1.1d,,,CSS,Half Rely on Third-Party Framework,,HTTP,1.1,
232,Vendor076,3,Kestrel,,,Javascript,CSS,Own Frontend Design,,HTTP,1.1,
233,Vendor223,3,nginx,/1.18.0 (Ubuntu),,Javascript,CSS,Own Frontend Design,,HTTP,1.1,
234,Vendor097,3,nginx,/1.19.3,,Javascript,CSS,Half Rely on Third-Party Framework,,HTTP,1.1,
235,Vendor378,3,,,,Javascript,,Based on Third Party Framework,,,,
236,Vendor697,3,nginx,,,,CSS,Own Frontend Design,,HTTP,1.1,
237,Vendor215,3,Apache,,,Javascript,CSS,Own Frontend Design,,,,
238,Vendor830,3,nginx,/1.12.2,,,,Half Rely on Third-Party Framework,,HTTP,1.1,
239,Vendor739,3,nginx,,,Javascript,CSS,Half Rely on Third-Party Framework,,HTTP,1.1,
240,Vendor189,3,,,,Javascript,CSS,Half Rely on Third-Party Framework,,HTTP,1,
241,Vendor507,3,,,,Javascript,,Half Rely on Third-Party Framework,,HTTP,1.1,
242,Vendor087,3,Microsoft-IIS,/8.5,,Javascript,,Own Frontend Design,,HTTP,1.1,
243,Vendor077,3,nginx,,,,,Own Frontend Design,,HTTP,1.1,
244,Vendor344,3,nginx,/1.23.4,,,,Own Frontend Design,,HTTP,1.1,
245,Vendor481,3,nginx,,,Javascript,,Based on Third Party Framework,,HTTP,1.1,
246,Vendor413,3,nginx,,,,,Half Rely on Third-Party Framework,,HTTP,1.1,
247,Vendor516,3,Apache,/2.4.29 (Ubuntu),,Javascript,CSS,Half Rely on Third-Party Framework,,HTTP,1.1,
248,Vendor449,3,Apache,,,Javascript,,Own Frontend Design,,HTTP,1.1,
249,Vendor027,3,nginx,/1.21.3,,,,Own Frontend Design,,HTTP,1.1,
250,Vendor167,3,,,,Javascript,CSS,Based on Third Party Framework,,HTTP,1.1,
251,Vendor137,3,Apache,"```
/2.4.54 (Debian)
```",,,,Own Frontend Design,,,,
252,Vendor580,3,nginx,/1.14.1,,Javascript,CSS,Based on Third Party Framework,,HTTP,1.1,
253,Vendor019,3,Next.js,,,Javascript,,Own Frontend Design,,HTTP,1.1,
254,Vendor153,3,,,,,,Own Frontend Design,,HTTP,1.1,
255,Vendor618,3,Apache,#NAME?,,Javascript,,Own Frontend Design,,HTTP,1.1,
256,Vendor471,3,nginx,,,Javascript,,Half Rely on Third-Party Framework,,HTTP,1.1,
257,Vendor059,3,nginx,/1.14.0 (Ubuntu),,,CSS,Half Rely on Third-Party Framework,,HTTP,1.1,
258,Vendor475,3,nginx,,,Javascript,,Half Rely on Third-Party Framework,,HTTP,1.1,
259,Vendor813,3,nginx,/1.21.5,,,CSS,Own Frontend Design,,HTTP,1.1,
260,Vendor075,3,Apache,/2.4.41 (Ubuntu),,,,Half Rely on Third-Party Framework,,HTTP,1,
261,Vendor775,3,Apache,,,Javascript,CSS,Based on Third Party Framework,,HTTP,1.1,
262,Vendor868,3,nginx,/1.17.9,,Javascript,,Half Rely on Third-Party Framework,,HTTP,1.1,
263,Vendor587,3,nginx,/1.13.7,,Javascript,CSS,Based on Third Party Framework,,HTTP,1.1,
264,Vendor353,3,,,,Javascript,CSS,Half Rely on Third-Party Framework,,HTTP,1,
265,Vendor593,3,nginx,/1.14.0 (Ubuntu),,Javascript,CSS,Half Rely on Third-Party Framework,,HTTP,1.1,
266,Vendor678,3,nginx,/1.20.0,,Javascript,CSS,Half Rely on Third-Party Framework,,HTTP,1.1,
267,Vendor853,3,Apache,/2.4.7 (Ubuntu),,,CSS,Half Rely on Third-Party Framework,,HTTP,1.1,
268,Vendor610,3,nginx,/1.24.0,,,CSS,Half Rely on Third-Party Framework,,HTTP,1.1,
269,Vendor669,3,nginx,,,,CSS,Half Rely on Third-Party Framework,,HTTP,1.1,
270,Vendor807,3,nginx,/1.23.2,,Javascript,CSS,Half Rely on Third-Party Framework,,HTTP,1.1,
271,Vendor767,3,,,,Javascript,CSS,Half Rely on Third-Party Framework,,HTTP,1.1,
272,Vendor691,3,nginx,/1.20.1,,Javascript,CSS,Half Rely on Third-Party Framework,,HTTP,1.1,
273,Vendor863,3,nginx,/1.13.3,,,,Own Frontend Design,,HTTP,1.1,
274,Vendor134,3,Apache,,,,CSS,Half Rely on Third-Party Framework,,HTTP,1.1,
275,Vendor312,3,nginx,/1.22.1,,Javascript,CSS,Own Frontend Design,,HTTP,1.1,
276,Vendor316,3,nginx,/1.12.2,,,CSS,Half Rely on Third-Party Framework,,HTTP,1.1,
277,Vendor082,3,Microsoft-IIS,/8.5,,Javascript,,Own Frontend Design,,HTTP,1.1,
278,Vendor185,3,nginx,/1.21.4,,Javascript,CSS,Half Rely on Third-Party Framework,,HTTP,1.1,
279,Vendor576,3,nginx,/1.20.2,,,CSS,Own Frontend Design,,HTTP,1.1,
280,Vendor803,3,Apache,/2.4.52 (Ubuntu),,Javascript,CSS,Half Rely on Third-Party Framework,,HTTP,1.1,
281,Vendor819,3,nginx,,,Javascript,,Based on Third Party Framework,,HTTP,1.1,
282,Vendor177,3,Apache,,,Javascript,,Half Rely on Third-Party Framework,,HTTP,1.1,
283,Vendor871,3,nginx,,,Javascript,CSS,Half Rely on Third-Party Framework,,HTTP,1.1,
284,Vendor700,3,nginx,/1.19.6,,,CSS,Half Rely on Third-Party Framework,,HTTP,1.1,
285,Vendor858,3,nginx,/1.20.1,,Javascript,CSS,Half Rely on Third-Party Framework,,HTTP,1.1,
286,Vendor053,3,,,,Javascript,CSS,Half Rely on Third-Party Framework,,HTTP,1.1,
287,Vendor320,3,Apache,,,,,Own Frontend Design,,HTTP,1.1,
288,Vendor756,3,nginx,/1.20.2,,Javascript,CSS,Half Rely on Third-Party Framework,,HTTP,1.1,
289,Vendor615,3,nginx,,,Javascript,CSS,Half Rely on Third-Party Framework,,HTTP,1.1,
290,Vendor209,3,,,,Javascript,,Half Rely on Third-Party Framework,,HTTP,1.1,
291,Vendor139,2,nginx,,,Javascript,,Half Rely on Third-Party Framework,,HTTP,1.1,
292,Vendor657,2,nginx,/1.20.1,,Javascript,CSS,Own Frontend Design,,HTTP,1.1,
293,Vendor267,2,Apache,,,,,Own Frontend Design,,,,
294,Vendor826,2,,,,,CSS,Own Frontend Design,,HTTP,1.1,
295,Vendor522,2,nginx,,,Javascript,,Half Rely on Third-Party Framework,,HTTP,1.1,
296,Vendor637,2,,,,Javascript,CSS,Half Rely on Third-Party Framework,,HTTP,1.1,
297,Vendor402,2,nginx,/1.18.0 (Ubuntu),,Javascript,CSS,Half Rely on Third-Party Framework,,HTTP,1.1,
298,Vendor757,2,Apache,,,Javascript,CSS,Half Rely on Third-Party Framework,,HTTP,1.1,
299,Vendor408,2,Express,,,,CSS,Own Frontend Design,,HTTP,1.1,
300,Vendor752,2,Apache,/2.4.9 (Win64) PHP/5.5.12,,Javascript,CSS,Half Rely on Third-Party Framework,,HTTP,1.1,
301,Vendor354,2,Apache,/2.4.10 (Debian),,,,Half Rely on Third-Party Framework,,HTTP,1.1,
302,Vendor323,2,Microsoft-IIS,/7.5,,,CSS,Own Frontend Design,,HTTP,1.1,
303,Vendor823,2,Kestrel,,,Javascript,CSS,Half Rely on Third-Party Framework,,HTTP,1.1,
304,Vendor132,2,nginx,,,,,Own Frontend Design,,HTTP,1.1,
305,Vendor401,2,,,,Javascript,,Own Frontend Design,,HTTP,1,
306,Vendor127,2,Apache,/2.4.52 (Ubuntu),,,CSS,Own Frontend Design,,HTTP,1.1,
307,Vendor802,2,Microsoft-IIS,/8.5,,Javascript,,Own Frontend Design,,HTTP,1.1,
308,Vendor581,2,nginx,,,Javascript,CSS,Own Frontend Design,,HTTP,1.1,
309,Vendor794,2,nginx,/1.25.3,,Javascript,CSS,Half Rely on Third-Party Framework,,HTTP,1.1,
310,Vendor244,2,Apache,/2.4.53 (Red Hat Enterprise Linux) OpenSSL/3.0.7,,Javascript,,Own Frontend Design,,HTTP,1.1,
311,Vendor038,2,nginx,/1.18.0 (Ubuntu),,Javascript,,Half Rely on Third-Party Framework,,HTTP,1.1,
312,Vendor441,2,Apache,,,,CSS,Own Frontend Design,,HTTP,1.1,
313,Vendor365,2,Apache,/2.4.29 (Ubuntu),,Javascript,,Own Frontend Design,,HTTP,1.1,
314,Vendor600,2,,,,Javascript,CSS,Based on Third Party Framework,,HTTP,1.1,
315,Vendor828,2,,,,,,Based on Third Party Framework,,,,
316,Vendor343,2,,,,Javascript,CSS,Own Frontend Design,,HTTP,1.1,
317,Vendor535,2,Apache,/2.4.48 (Debian),,,,Half Rely on Third-Party Framework,,HTTP,1.1,
318,Vendor864,2,nginx,/1.17.6,,Javascript,,Half Rely on Third-Party Framework,,HTTP,1.1,
319,Vendor791,2,nginx,/1.9.15,,,,Own Frontend Design,,HTTP,1.1,
320,Vendor054,2,Apache,,,,,Own Frontend Design,,HTTP,1.1,
321,Vendor463,2,nginx,/1.18.0 (Ubuntu),,Javascript,,Based on Third Party Framework,,HTTP,1.1,
322,Vendor277,2,nginx,/1.14.0 (Ubuntu),,,,Half Rely on Third-Party Framework,,HTTP,1.1,
323,Vendor790,2,nginx,,,Javascript,CSS,Half Rely on Third-Party Framework,,HTTP,1.1,
324,Vendor113,2,Apache,/2.4.48 (Unix) OpenSSL/1.1.1n,,,,Own Frontend Design,,HTTP,1.1,
325,Vendor782,2,nginx,,,Javascript,,Based on Third Party Framework,,HTTP,1.1,
326,Vendor418,2,Apache,/2.4.25 (Debian),,Javascript,,Half Rely on Third-Party Framework,,HTTP,1.1,
327,Vendor355,2,nginx,,,,,Own Frontend Design,,HTTP,1.1,
328,Vendor549,2,,,,,,Own Frontend Design,,HTTP,1.1,
329,Vendor444,2,nginx,/1.18.0 (Ubuntu),,Javascript,,Half Rely on Third-Party Framework,,HTTP,1.1,
330,Vendor328,2,,,,,,Half Rely on Third-Party Framework,,,,
331,Vendor558,2,Apache,/2.4.55 (Win64) PHP/7.4.7,,Javascript,CSS,Half Rely on Third-Party Framework,,HTTP,1.1,
332,Vendor848,2,nginx,/1.6.0,,,CSS,Own Frontend Design,,HTTP,1.1,
333,Vendor080,2,Apache,,,Javascript,,Own Frontend Design,,HTTP,1.1,
334,Vendor838,2,nginx,1.14.0 (Ubuntu),,,CSS,Half Rely on Third-Party Framework,,HTTP,1.1,
335,Vendor242,2,nginx,/1.24.0,,,CSS,Own Frontend Design,,HTTP,1.1,
336,Vendor687,2,Tengine,,,,CSS,Half Rely on Third-Party Framework,,HTTP,1.1,
337,Vendor109,2,Apache,"```

```",,,,Half Rely on Third-Party Framework,,,,
338,Vendor212,2,Apache,,,Javascript,CSS,Own Frontend Design,,HTTP,1.1,
339,Vendor138,2,Apache,,,Javascript,,Half Rely on Third-Party Framework,,HTTP,1.1,
340,Vendor832,2,,,,Javascript,CSS,Half Rely on Third-Party Framework,,HTTP,1.1,
341,Vendor104,2,,,,Javascript,CSS,Own Frontend Design,,HTTP,1.1,
342,Vendor560,2,nginx,/1.20.1,,Javascript,,Half Rely on Third-Party Framework,,HTTP,1.1,
343,Vendor476,2,,,,,CSS,Own Frontend Design,,HTTP,1.1,
344,Vendor494,2,nginx,,,,CSS,Own Frontend Design,,HTTP,1.1,
376,Vendor588,2,Apache,/2.2.15 (CentOS),,,CSS,Own Frontend Design,,HTTP,1,
377,Vendor783,2,Apache,/2.2.15 (CentOS),,,CSS,Own Frontend Design,,HTTP,1.1,
378,Vendor714,2,Apache,/2.2.15 (CentOS),,,CSS,Own Frontend Design,,HTTP,1,
379,Vendor194,2,Apache,,,Javascript,,Half Rely on Third-Party Framework,,HTTP,1.1,
380,Vendor175,2,Fly/577378ac (2024-07-02),,,Javascript,,Based on Third Party Framework,,HTTP,1.1,
381,Vendor294,2,nginx,/1.22.1,,,CSS,Based on Third Party Framework,,HTTP,1.1,
382,Vendor666,2,Apache,/2.4.41 (Win64) OpenSSL/1.1.1c PHP/7.3.12,,Javascript,CSS,Half Rely on Third-Party Framework,,HTTP,1.1,
383,Vendor156,2,Apache,,,,,Half Rely on Third-Party Framework,,HTTP,1.1,
384,Vendor161,2,,,,Javascript,CSS,Half Rely on Third-Party Framework,,HTTP,1,
385,Vendor456,2,Apache,,,,,Own Frontend Design,,HTTP,1.1,
386,Vendor586,2,Apache,#NAME?,,,CSS,Half Rely on Third-Party Framework,,HTTP,1.1,
387,Vendor634,2,nginx,/1.14.2,,,CSS,Own Frontend Design,,HTTP,1.1,
388,Vendor287,2,Werkzeug/1.0.1 Python/3.9.2,,,Javascript,CSS,Own Frontend Design,,HTTP,1.1,
389,Vendor271,2,Werkzeug/0.14.1 Python/2.7.15rc1,,,Javascript,,Based on Third Party Framework,,HTTP,1,
390,Vendor090,2,nginx,/1.25.3,,Javascript,CSS,Half Rely on Third-Party Framework,,HTTP,1.1,
391,Vendor396,2,,,,Javascript,CSS,Based on Third Party Framework,,HTTP,1.1,
392,Vendor375,2,Apache,/2.4.10 (Debian),,Javascript,CSS,Own Frontend Design,,HTTP,1.1,
393,Vendor263,2,,,,,CSS,Own Frontend Design,,HTTP,1.1,
394,Vendor393,2,nginx,,,,,Own Frontend Design,,HTTP,1.1,
395,Vendor856,2,Microsoft-IIS,/7.5,,Javascript,CSS,Half Rely on Third-Party Framework,,HTTP,1.1,
396,Vendor349,2,nginx,/1.18.0 (Ubuntu),,Javascript,,Own Frontend Design,,HTTP,1.1,
397,Vendor467,2,Apache,"```
Server: /2.4.59 (Debian)
```",,Javascript,CSS,Own Frontend Design,,HTTP,1.1,
398,Vendor315,2,nginx,/1.24.0,,Javascript,CSS,Half Rely on Third-Party Framework,,HTTP,1.1,
399,Vendor158,2,Apache,,,Javascript,,Half Rely on Third-Party Framework,,HTTP,1.1,
400,Vendor124,2,nginx,/1.24.0 (Ubuntu),,Javascript,CSS,Own Frontend Design,,HTTP,1.1,
401,Vendor713,2,Apache,#NAME?,,,,Half Rely on Third-Party Framework,,HTTP,1.1,
402,Vendor227,2,nginx,,,Javascript,,Half Rely on Third-Party Framework,,HTTP,1.1,
403,Vendor141,2,Apache,,,,CSS,Own Frontend Design,,HTTP,1.1,
404,Vendor068,2,nginx,,,,,Half Rely on Third-Party Framework,,HTTP,1.1,
405,Vendor286,2,,,,,,Own Frontend Design,,,,
406,Vendor147,2,nginx,,,,,Own Frontend Design,,HTTP,1.1,
407,Vendor299,2,Apache,/2.4.38 (Debian),,,,Own Frontend Design,,HTTP,1.1,
408,Vendor684,2,nginx,/1.25.2,,,CSS,Half Rely on Third-Party Framework,,HTTP,1.1,
409,Vendor128,2,Apache,,,Javascript,,Own Frontend Design,,HTTP,1.1,
410,Vendor395,2,gunicorn,,,,CSS,Own Frontend Design,,HTTP,1,
411,Vendor179,2,Microsoft-IIS,/10.0,,Javascript,CSS,Based on Third Party Framework,,HTTP,1.1,
412,Vendor781,2,nginx,,,Javascript,,Half Rely on Third-Party Framework,,HTTP,1.1,
413,Vendor088,2,nginx,/1.20.0,,Javascript,CSS,Based on Third Party Framework,,HTTP,1.1,
414,Vendor417,2,nginx,,,Javascript,,Own Frontend Design,,HTTP,1.1,
415,Vendor154,2,Microsoft-IIS,/10.0,,,,Half Rely on Third-Party Framework,,HTTP,1.1,
416,Vendor833,2,Apache,/2.4.23 (Unix) OpenSSL/1.0.2j PHP/5.6.28 mod_perl/2.0.8-dev Perl/v5.16.3,,Javascript,,Half Rely on Third-Party Framework,,HTTP,1.1,
417,Vendor566,2,,,,Javascript,,Own Frontend Design,,HTTP,1.1,
418,Vendor282,2,Werkzeug/2.3.6 Python/3.11.4,,,,CSS,Half Rely on Third-Party Framework,,HTTP,1.1,
419,Vendor719,2,nginx,/1.14.0 (Ubuntu),,Javascript,,Half Rely on Third-Party Framework,,HTTP,1.1,
420,Vendor030,2,Microsoft-IIS,/7.5,,Javascript,CSS,Based on Third Party Framework,,HTTP,1.1,
421,Vendor057,2,Apache,,,,,Based on Third Party Framework,,HTTP,1.1,
422,Vendor453,2,nginx,/1.18.0 (Ubuntu),,,,Based on Third Party Framework,,HTTP,1.1,
423,Vendor251,2,Apache,,,Javascript,CSS,Own Frontend Design,,HTTP,1.1,
424,Vendor311,2,cloudflare,,,,,Half Rely on Third-Party Framework,,HTTP,1.1,
425,Vendor064,2,Apache,,,,,Own Frontend Design,,HTTP,1.1,
426,Vendor192,2,Apache,/2.4.41 (Ubuntu),,Javascript,,Half Rely on Third-Party Framework,,,,
427,Vendor749,2,nginx,,,Javascript,CSS,Own Frontend Design,,HTTP,1.1,
428,Vendor519,2,nginx,,,Javascript,,Half Rely on Third-Party Framework,,HTTP,1.1,
429,Vendor870,2,,,,,,Own Frontend Design,,HTTP,1.1,
430,Vendor115,2,Apache,,,,,Own Frontend Design,,HTTP,1.1,
431,Vendor797,2,nginx,,,Javascript,CSS,Based on Third Party Framework,,HTTP,1.1,
432,Vendor862,2,,,,,CSS,Own Frontend Design,,HTTP,1.1,
433,Vendor159,2,,,,Javascript,CSS,Half Rely on Third-Party Framework,,HTTP,1.1,
434,Vendor237,2,,,,,,Based on Third Party Framework,,HTTP,1.1,
435,Vendor284,2,Google Frontend,,,Javascript,CSS,Own Frontend Design,,HTTP,1.1,
436,Vendor603,2,nginx,/1.20.1,,,,Own Frontend Design,,HTTP,1.1,
437,Vendor170,2,Apache,,,,,Half Rely on Third-Party Framework,,HTTP,1.1,
438,Vendor045,2,Apache,/2.4.41 (Ubuntu),,,,Own Frontend Design,,HTTP,1.1,
439,Vendor720,2,nginx,/1.13.7,,Javascript,CSS,Half Rely on Third-Party Framework,,HTTP,1.1,
440,Vendor763,2,nginx,,,Javascript,CSS,Based on Third Party Framework,,HTTP,1.1,
441,Vendor686,1,nginx,yunjiasu-,,,,Half Rely on Third-Party Framework,,HTTP,1.1,
442,Vendor743,1,,,,Javascript,CSS,Based on Third Party Framework,,HTTP,1.1,
443,Vendor358,1,,,,Javascript,,Half Rely on Third-Party Framework,,HTTP,1.1,
444,Vendor624,1,Express,,,Javascript,CSS,Half Rely on Third-Party Framework,,HTTP,1.1,
445,Vendor330,1,Apache,/2.4.51 (Win64) OpenSSL/1.1.1l PHP/8.0.11,,,CSS,Half Rely on Third-Party Framework,,HTTP,1.1,
446,Vendor693,1,Apache,#NAME?,,Javascript,,Own Frontend Design,,HTTP,1.1,
447,Vendor746,1,nginx,/1.18.0,,,CSS,Based on Third Party Framework,,HTTP,1.1,
448,Vendor429,1,,,,Javascript,CSS,Based on Third Party Framework,,HTTP,1.1,
449,Vendor654,1,nginx,/1.19.5,,,,Half Rely on Third-Party Framework,,HTTP,1.1,
450,Vendor841,1,nginx,/1.19.3,,Javascript,CSS,Half Rely on Third-Party Framework,,HTTP,1.1,
451,Vendor554,1,,,,,CSS,Own Frontend Design,,HTTP,1.1,
452,Vendor239,1,qbsoft.ddns.net:80,,,,CSS,Based on Third Party Framework,,HTTP,1.1,
453,Vendor482,1,Apache,,,,CSS,Own Frontend Design,,HTTP,1.1,
454,Vendor762,1,nginx,/1.17.0,,,CSS,Own Frontend Design,,HTTP,1.1,
455,Vendor604,1,,,,Javascript,CSS,Half Rely on Third-Party Framework,,HTTP,1.1,
456,Vendor466,1,Apache,/2.4.46 (Ubuntu),,Javascript,CSS,Half Rely on Third-Party Framework,,,,
457,Vendor768,1,Microsoft-IIS,/7.5,,,,Own Frontend Design,,HTTP,1.1,
458,Vendor162,1,Apache,,,,,Own Frontend Design,,HTTP,1.1,
459,Vendor629,1,,,,Javascript,,Half Rely on Third-Party Framework,,HTTP,1.1,
460,Vendor652,1,nginx,,,Javascript,CSS,Half Rely on Third-Party Framework,,HTTP,1.1,
461,Vendor542,1,,,,,,Based on Third Party Framework,,,,
462,Vendor148,1,nginx,,,Javascript,,Own Frontend Design,,HTTP,1.1,
463,Vendor416,1,Apache,/2.4.29 (Ubuntu),,,,Half Rely on Third-Party Framework,,HTTP,1.1,
464,Vendor296,1,cloudflare,,,Javascript,,Half Rely on Third-Party Framework,,HTTP,1.1,
465,Vendor765,1,,,,Javascript,,Own Frontend Design,,HTTP,1.1,
466,Vendor083,1,cloudflare,,,Javascript,CSS,Half Rely on Third-Party Framework,,HTTP,1.1,
467,Vendor633,1,nginx,,,Javascript,CSS,Based on Third Party Framework,,HTTP,1.1,
468,Vendor122,1,nginx,/1.0.0 + Phusion Passenger 3.0.7 (mod_rails/mod_rack),,,CSS,Half Rely on Third-Party Framework,,HTTP,1.1,
469,Vendor738,1,,,,Javascript,CSS,Half Rely on Third-Party Framework,,HTTP,1.1,
470,Vendor234,1,nginx,/1.4.6 (Ubuntu),,,,Own Frontend Design,,HTTP,1.1,
471,Vendor789,1,nginx,/1.10.2,,,CSS,Own Frontend Design,,HTTP,1.1,
472,Vendor572,1,nginx,,,Javascript,CSS,Half Rely on Third-Party Framework,,HTTP,1.1,
473,Vendor460,1,Apache,/2.4.41 (Ubuntu),,,,Half Rely on Third-Party Framework,,HTTP,1.1,
474,Vendor432,1,,,,Javascript,CSS,Half Rely on Third-Party Framework,,HTTP,1.1,
475,Vendor799,1,Microsoft-IIS,/7.5,,Javascript,,Own Frontend Design,,HTTP,1.1,
476,Vendor653,1,Microsoft-IIS,/7.5,,Javascript,CSS,Own Frontend Design,,HTTP,1.1,
477,Vendor117,1,Apache,,,,,Half Rely on Third-Party Framework,,HTTP,1.1,
478,Vendor735,1,nginx,/1.10.1,,Javascript,CSS,Half Rely on Third-Party Framework,,HTTP,1.1,
479,Vendor025,1,nginx,,,Javascript,CSS,Own Frontend Design,,HTTP,1.1,
480,Vendor567,1,Microsoft-IIS,/8.5,,Javascript,,Own Frontend Design,,HTTP,1.1,
481,Vendor622,1,,,,,,Half Rely on Third-Party Framework,,HTTP,1.1,
482,Vendor101,1,nginx,/1.12.1,,,,Half Rely on Third-Party Framework,,HTTP,1.1,
483,Vendor764,1,nginx,,,Javascript,,Based on Third Party Framework,,HTTP,1.1,
484,Vendor596,1,nginx,,,Javascript,,Own Frontend Design,,HTTP,1.1,
485,Vendor674,1,nginx,/1.20.0,,Javascript,,Half Rely on Third-Party Framework,,HTTP,1.1,
486,Vendor815,1,nginx,,,Javascript,CSS,Half Rely on Third-Party Framework,,HTTP,1.1,
487,Vendor303,1,nginx,/1.4.6 (Ubuntu),,,CSS,Own Frontend Design,,HTTP,1.1,
488,Vendor701,1,nginx,/1.19.6,,Javascript,,Own Frontend Design,,HTTP,1.1,
489,Vendor114,1,SimpleHTTP/0.6 Python/3.8.10,,,Javascript,,Half Rely on Third-Party Framework,,HTTP,1,
490,Vendor545,1,,,,,,Own Frontend Design,,,,
491,Vendor630,1,,,,Javascript,CSS,Half Rely on Third-Party Framework,,HTTP,1.1,
492,Vendor859,1,,,,Javascript,,Based on Third Party Framework,,,,
493,Vendor434,1,,,,Javascript,,Half Rely on Third-Party Framework,,HTTP,1.1,
494,Vendor811,1,,,,Javascript,CSS,Half Rely on Third-Party Framework,,HTTP,1.1,
495,Vendor827,1,,,,Javascript,CSS,Half Rely on Third-Party Framework,,HTTP,1.1,
496,Vendor288,1,Mongoose/6.14,,,Javascript,CSS,Half Rely on Third-Party Framework,,HTTP,1.1,
497,Vendor051,1,,,,,,Own Frontend Design,,,,
498,Vendor557,1,,,,Javascript,CSS,Half Rely on Third-Party Framework,,HTTP,1.1,
499,Vendor579,1,nginx,/1.16.1,,Javascript,CSS,Half Rely on Third-Party Framework,,HTTP,1.1,
500,Vendor171,1,Microsoft-IIS,/10.0,,,,Half Rely on Third-Party Framework,,HTTP,1.1,
501,Vendor656,1,nginx,"ng: SHA256-RSA

",,Javascript,CSS,Half Rely on Third-Party Framework,,HTTP,1.1,
502,Vendor564,1,Microsoft-IIS,/8.5,,Javascript,,Own Frontend Design,,HTTP,1.1,
503,Vendor427,1,,,,Javascript,CSS,Own Frontend Design,,HTTP,1.1,
504,Vendor562,1,nginx,,,,CSS,Based on Third Party Framework,,HTTP,1.1,
505,Vendor706,1,nginx,,,,,Half Rely on Third-Party Framework,,HTTP,1.1,
506,Vendor368,1,,,,Javascript,CSS,Half Rely on Third-Party Framework,,HTTP,1.1,
507,Vendor733,1,Microsoft-IIS,/7.5,,,,Half Rely on Third-Party Framework,,HTTP,1.1,
508,Vendor723,1,Apache,/2.4.10 (Win32) OpenSSL/0.9.8zb PHP/5.2.17,,Javascript,CSS,Half Rely on Third-Party Framework,,HTTP,1.1,
509,Vendor865,1,,,,Javascript,,Based on Third Party Framework,,HTTP,1.1,
510,Vendor727,1,,,,,CSS,Half Rely on Third-Party Framework,,HTTP,1.1,
511,Vendor847,1,,,,,,Own Frontend Design,,HTTP,1.1,
512,Vendor729,1,Apache,/2.4.18 (Ubuntu),,Javascript,CSS,Based on Third Party Framework,,HTTP,1.1,
513,Vendor485,1,nginx,/1.14.0 (Ubuntu),,Javascript,,Own Frontend Design,,HTTP,1.1,
514,Vendor759,1,nginx,/1.14.0,,Javascript,CSS,Half Rely on Third-Party Framework,,HTTP,1.1,
515,Vendor613,1,nginx,/1.17.3,,Javascript,CSS,Half Rely on Third-Party Framework,,HTTP,1.1,
516,Vendor317,1,nginx,/1.15.2,,,,Half Rely on Third-Party Framework,,HTTP,1.1,
517,Vendor609,1,nginx,/1.14.2,,Javascript,CSS,Own Frontend Design,,HTTP,1.1,
518,Vendor712,1,Apache,/2.4.3 (Unix) mod_wsgi/3.4 Python/2.7.10,,Javascript,CSS,Based on Third Party Framework,,HTTP,1.1,
519,Vendor140,1,Apache,/2.4.7 (Ubuntu),,Javascript,CSS,Based on Third Party Framework,,HTTP,1,
520,Vendor725,1,Microsoft-IIS,/10.0,,Javascript,CSS,Half Rely on Third-Party Framework,,HTTP,1.1,
521,Vendor612,1,,,,Javascript,CSS,Half Rely on Third-Party Framework,,HTTP,1.1,
522,Vendor837,1,nginx,/1.16.1,,Javascript,CSS,Half Rely on Third-Party Framework,,HTTP,1.1,
523,Vendor677,1,Microsoft-IIS,/8.0,,Javascript,CSS,Half Rely on Third-Party Framework,,HTTP,1.1,
524,Vendor755,1,,,,Javascript,CSS,Based on Third Party Framework,,HTTP,1.1,
525,Vendor831,1,Apache,/2.4.7 (Ubuntu),,Javascript,CSS,Half Rely on Third-Party Framework,,HTTP,1.1,
526,Vendor649,1,,,,Javascript,CSS,Based on Third Party Framework,,HTTP,1.1,
527,Vendor660,1,Microsoft-IIS,/10.0,,,,Half Rely on Third-Party Framework,,HTTP,1.1,
528,Vendor216,1,nginx,,,Javascript,CSS,Half Rely on Third-Party Framework,,HTTP,1.1,
529,Vendor716,1,nginx,,,,CSS,Half Rely on Third-Party Framework,,HTTP,1.1,
530,Vendor033,1,Apache,,,Javascript,,Half Rely on Third-Party Framework,,HTTP,1,
531,Vendor730,1,,,,Javascript,CSS,Half Rely on Third-Party Framework,,HTTP,1.1,
532,Vendor415,1,Microsoft-IIS,/8.5,,,,Own Frontend Design,,HTTP,1.1,
533,Vendor793,1,nginx,/1.16.0,,,CSS,Half Rely on Third-Party Framework,,HTTP,1.1,
534,Vendor550,1,Apache,,,Javascript,,Own Frontend Design,,HTTP,1.1,
535,Vendor732,1,nginx,,,Javascript,CSS,Half Rely on Third-Party Framework,,HTTP,1.1,
536,Vendor510,1,,,,Javascript,,Own Frontend Design,,HTTP,1,
537,Vendor438,1,,,,,,Half Rely on Third-Party Framework,,HTTP,1.1,
538,Vendor664,1,Microsoft-IIS,/8.5,,Javascript,CSS,Own Frontend Design,,HTTP,1.1,
539,Vendor850,1,nginx,/1.8.1,,Javascript,,Half Rely on Third-Party Framework,,HTTP,1.1,
540,Vendor144,1,nginx,/1.10.3 (Ubuntu),,Javascript,CSS,Based on Third Party Framework,,HTTP,1.1,
541,Vendor048,1,,,,Javascript,CSS,Own Frontend Design,,HTTP,1.1,
542,Vendor690,1,Apache,#NAME?,,Javascript,CSS,Half Rely on Third-Party Framework,,HTTP,1.1,
543,Vendor753,1,Microsoft-IIS,/8.5,,,,Own Frontend Design,,HTTP,1.1,
544,Vendor640,1,nginx,/1.12.0,,Javascript,CSS,Half Rely on Third-Party Framework,,HTTP,1.1,
545,Vendor606,1,Microsoft-IIS,/7.5,,Javascript,,Half Rely on Third-Party Framework,,HTTP,1.1,
546,Vendor787,1,nginx,,,Javascript,CSS,Half Rely on Third-Party Framework,,HTTP,1.1,
547,Vendor711,1,Apache,/2.4.18 (Ubuntu),,,,Half Rely on Third-Party Framework,,HTTP,1.1,
548,Vendor822,1,nginx,,,,,Half Rely on Third-Party Framework,,HTTP,1.1,
549,Vendor505,1,Apache,"```
BigIP
-Coyote/1.1
```",,,CSS,Half Rely on Third-Party Framework,,HTTP,1,
550,Vendor448,1,Apache,,,,,Based on Third Party Framework,,HTTP,1.1,
551,Vendor766,1,Apache,/2.2.15 (CentOS),,Javascript,,Half Rely on Third-Party Framework,,HTTP,1.1,
552,Vendor818,1,Tengine/2.2.1,,,Javascript,CSS,Half Rely on Third-Party Framework,,HTTP,1.1,
553,Vendor703,1,nginx,/1.10.2,,Javascript,CSS,Half Rely on Third-Party Framework,,HTTP,1.1,
554,Vendor483,1,,,,Javascript,CSS,Own Frontend Design,,HTTP,1.1,
555,Vendor844,1,Apache,/2.4.23 (Win32) OpenSSL/1.0.2j PHP/5.4.45,,Javascript,CSS,Half Rely on Third-Party Framework,,HTTP,1.1,
556,Vendor722,1,nginx,,,,,Based on Third Party Framework,,HTTP,1.1,
557,Vendor513,1,Apache,/2.4.6 (CentOS) OpenSSL/1.0.1e-fips PHP/7.0.19,,,,,,HTTP,1.1,
558,Vendor518,1,,,,Javascript,CSS,Half Rely on Third-Party Framework,,HTTP,1,
559,Vendor786,1,Microsoft-IIS,/7.5,,Javascript,,Own Frontend Design,,HTTP,1.1,
560,Vendor517,1,,,,,,,,,,
561,Vendor188,1,Apache,,,,,Own Frontend Design,,HTTP,1.1,
562,Vendor106,1,,,,,,Own Frontend Design,,HTTP,1,
563,Vendor800,1,nginx,/1.10.2,,Javascript,CSS,Half Rely on Third-Party Framework,,HTTP,1.1,
564,Vendor754,1,Apache,/2.4.9 (Win64) PHP/5.5.12,,Javascript,CSS,Half Rely on Third-Party Framework,,HTTP,1.1,
565,Vendor744,1,nginx,/1.14.0,,,CSS,Half Rely on Third-Party Framework,,HTTP,1.1,
566,Vendor578,1,Apache,,,,,Own Frontend Design,,HTTP,1.1,
567,Vendor801,1,nginx,/1.9.9,,,CSS,Own Frontend Design,,HTTP,1.1,
568,Vendor636,1,Microsoft-IIS,/7.5,,Javascript,,Own Frontend Design,,HTTP,1.1,
569,Vendor715,1,nginx,,,Javascript,CSS,Based on Third Party Framework,,HTTP,1.1,
570,Vendor428,1,nginx,/1.4.6 (Ubuntu),,Javascript,CSS,Half Rely on Third-Party Framework,,HTTP,1.1,
571,Vendor079,1,Microsoft-HTTPAPI/2.0,,,,CSS,Own Frontend Design,,HTTP,1.1,
572,Vendor228,1,,,,Javascript,,Half Rely on Third-Party Framework,,HTTP,1,
573,Vendor814,1,Kestrel,,,Javascript,CSS,Based on Third Party Framework,,HTTP,1.1,
574,Vendor665,1,Apache,,,,CSS,Half Rely on Third-Party Framework,,HTTP,1.1,
575,Vendor253,1,Microsoft-IIS,/10.0,,,,Own Frontend Design,,HTTP,1.1,
576,Vendor820,1,nginx,/1.19.2,,Javascript,CSS,Half Rely on Third-Party Framework,,HTTP,1.1,
577,Vendor093,1,nginx,,,Javascript,,Half Rely on Third-Party Framework,,HTTP,1.1,
578,Vendor450,1,,,,,CSS,Own Frontend Design,,HTTP,1,
579,Vendor761,1,nginx,,,Javascript,,Half Rely on Third-Party Framework,,HTTP,1.1,
580,Vendor278,1,Apache,/2.4.41,,Javascript,,Based on Third Party Framework,,HTTP,1.1,
581,Vendor509,1,Apache,/2.4.7 (Ubuntu),,Javascript,CSS,Half Rely on Third-Party Framework,,HTTP,1.1,
582,Vendor857,1,nginx,/1.17.9,,,CSS,Own Frontend Design,,HTTP,1.1,
583,Vendor559,1,nginx,/1.14.0 (Ubuntu),,,CSS,Half Rely on Third-Party Framework,,HTTP,1.1,
584,Vendor642,1,,,,,CSS,Own Frontend Design,,HTTP,1,
585,Vendor105,1,nginx,/1.14.2,,,CSS,Own Frontend Design,,HTTP,1.1,
586,Vendor806,1,,,,,CSS,Half Rely on Third-Party Framework,,HTTP,1.1,
587,Vendor772,1,nginx,/1.17.10,,Javascript,CSS,Half Rely on Third-Party Framework,,HTTP,1.1,
588,Vendor617,1,,,,,CSS,Half Rely on Third-Party Framework,,HTTP,1.1,
589,Vendor795,1,nginx,,,Javascript,CSS,Half Rely on Third-Party Framework,,HTTP,1.1,
590,Vendor430,1,,,,Javascript,CSS,Half Rely on Third-Party Framework,,HTTP,1.1,
591,Vendor071,1,Apache,,,Javascript,,Own Frontend Design,,HTTP,1.1,
592,Vendor506,1,LiteSpeed,,,Javascript,,Half Rely on Third-Party Framework,,HTTP,1.1,
593,Vendor829,1,nginx,/1.19.8,,Javascript,CSS,Half Rely on Third-Party Framework,,HTTP,1.1,
594,Vendor575,1,nginx,/1.15.9,,Javascript,,Half Rely on Third-Party Framework,,HTTP,1.1,
595,Vendor583,1,nginx,/1.18.0,,Javascript,,Based on Third Party Framework,,HTTP,1.1,
596,Vendor362,1,Apache,/2.4.25 (Debian),,,,Half Rely on Third-Party Framework,,HTTP,1.1,
597,Vendor773,1,nginx,/1.12.2,,,,Based on Third Party Framework,,HTTP,1.1,
598,Vendor218,1,Apache,/2.2.22 (Debian),,,,Own Frontend Design,,HTTP,1.1,
599,Vendor289,1,Microsoft-IIS,/10.0,,,,Half Rely on Third-Party Framework,,HTTP,1.1,
600,Vendor589,1,nginx,,,Javascript,CSS,Own Frontend Design,,HTTP,1.1,
601,Vendor183,1,,,,,CSS,Own Frontend Design,,HTTP,1.1,
602,Vendor688,1,Microsoft-IIS,/7.5,,Javascript,CSS,Half Rely on Third-Party Framework,,HTTP,1.1,
603,Vendor309,1,Apache,/2.4.18 (Ubuntu),,Javascript,CSS,Own Frontend Design,,HTTP,1.1,
604,Vendor619,1,,,,Javascript,CSS,Half Rely on Third-Party Framework,,HTTP,1.1,
605,Vendor568,1,Apache,/2.4.37 (Unix) OpenSSL/1.0.2q PHP/5.6.40 mod_perl/2.0.8-dev Perl/v5.16.3,,,CSS,Half Rely on Third-Party Framework,,HTTP,1.1,
606,Vendor013,1,,,,Javascript,CSS,Half Rely on Third-Party Framework,,HTTP,1.1,
607,Vendor611,1,Microsoft-IIS,/7.0,,Javascript,CSS,Own Frontend Design,,HTTP,1.1,
608,Vendor717,1,Microsoft-IIS,/10.0,,Javascript,CSS,Half Rely on Third-Party Framework,,HTTP,1.1,
609,Vendor740,1,,,,Javascript,CSS,Half Rely on Third-Party Framework,,HTTP,1.1,
610,Vendor809,1,Apache,,,Javascript,CSS,Half Rely on Third-Party Framework,,HTTP,1.1,
611,Vendor357,1,nginx,,,,CSS,Half Rely on Third-Party Framework,,HTTP,1.1,
612,Vendor301,1,Apache,/2.4.38 (Raspbian),,,CSS,Own Frontend Design,,HTTP,1.1,
613,Vendor778,1,nginx,,,,,Half Rely on Third-Party Framework,,HTTP,1.1,
614,Vendor646,1,Express,,,Javascript,CSS,Half Rely on Third-Party Framework,,HTTP,1.1,
615,Vendor230,1,Apache,/2.4.10 (Debian),,,CSS,Half Rely on Third-Party Framework,,HTTP,1.1,
616,Vendor780,1,nginx,/1.10.2,,Javascript,CSS,Half Rely on Third-Party Framework,,HTTP,1.1,
617,Vendor845,1,Apache,/2.4.27 (Win64) OpenSSL/1.1.0f PHP/5.6.31,,Javascript,CSS,Half Rely on Third-Party Framework,,HTTP,1.1,
618,Vendor366,1,Apache,/2.4.10 (Raspbian),,,CSS,Own Frontend Design,,HTTP,1.1,
619,Vendor213,1,nginx,,,Javascript,,Half Rely on Third-Party Framework,,HTTP,1.1,
620,Vendor010,1,,,,Javascript,CSS,Based on Third Party Framework,,,,
621,Vendor679,1,,,,Javascript,CSS,Based on Third Party Framework,,HTTP,1.1,
622,Vendor001,1,Express,,,,,Half Rely on Third-Party Framework,,HTTP,1.1,
623,Vendor650,1,Apache,/2.2.15 (CentOS),,Javascript,CSS,Own Frontend Design,,HTTP,1.1,
624,Vendor804,1,Apache,#NAME?,,,CSS,Own Frontend Design,,HTTP,1.1,
625,Vendor702,1,nginx,,,,CSS,Own Frontend Design,,HTTP,1.1,
626,Vendor747,1,,,,Javascript,CSS,Own Frontend Design,,HTTP,1.1,
627,Vendor760,1,Apache,#NAME?,,Javascript,CSS,Own Frontend Design,,HTTP,1.1,
628,Vendor376,1,,,,,,Own Frontend Design,,HTTP,1.1,
629,Vendor662,1,Microsoft-IIS,/10.0,,Javascript,CSS,Own Frontend Design,,HTTP,1.1,
630,Vendor191,1,Apache,,,Javascript,,Half Rely on Third-Party Framework,,HTTP,1.1,
632,Vendor537,1,Apache,/2.4.39 (Unix) OpenSSL/1.1.1b,,,,Own Frontend Design,,,,
633,Vendor112,1,nginx,,,,,Based on Third Party Framework,,,,
634,Vendor411,1,nginx,/1.18.0 (Ubuntu),,,CSS,Half Rely on Third-Party Framework,,HTTP,1.1,
635,Vendor172,1,AmazonS3,,,Javascript,CSS,Own Frontend Design,,HTTP,1.1,
636,Vendor538,1,lighttpd/1.4.67,,,Javascript,,Half Rely on Third-Party Framework,,HTTP,1.1,
637,Vendor145,1,Apache,/2.4.41 (Ubuntu),,Javascript,,Half Rely on Third-Party Framework,,HTTP,1.1,
638,Vendor268,1,nginx,,,,,Based on Third Party Framework,,HTTP,1.1,
639,Vendor055,1,Apache,,,,,Based on Third Party Framework,,HTTP,1.1,
640,Vendor750,1,Apache,,,Javascript,,Half Rely on Third-Party Framework,,HTTP,1.1,
641,Vendor479,1,,,,,,Own Frontend Design,,,,
642,Vendor118,1,nginx,/1.18.0 (Ubuntu),,,,Half Rely on Third-Party Framework,,HTTP,1.1,
643,Vendor488,1,Apache,/2.4.41 (Ubuntu),,Javascript,,Own Frontend Design,,,,
644,Vendor151,1,nginx,/1.15.12,,Javascript,CSS,Half Rely on Third-Party Framework,,HTTP,1.1,
645,Vendor314,1,Apache,/2.4.46 (Ubuntu),,Javascript,,Half Rely on Third-Party Framework,,HTTP,1.1,
646,Vendor262,1,nginx,/1.18.0 (Ubuntu),,Javascript,CSS,Based on Third Party Framework,,HTTP,1.1,
647,Vendor307,1,nginx,,,,CSS,Based on Third Party Framework,,HTTP,1.1,
648,Vendor258,1,,,,Javascript,CSS,Half Rely on Third-Party Framework,,HTTP,1.1,
649,Vendor261,1,nginx,/1.10.3 (Ubuntu),,,CSS,Based on Third Party Framework,,HTTP,1.1,
650,Vendor480,1,Apache,/2.4.41 (Ubuntu),,Javascript,,Half Rely on Third-Party Framework,,HTTP,1.1,
651,Vendor002,1,Apache,,,Javascript,,Half Rely on Third-Party Framework,,HTTP,1.1,
652,Vendor504,1,EnerCharge Server 1.0,,,,,Own Frontend Design,,HTTP,1,
653,Vendor016,1,EnerCharge Server 1.0,,,,,Own Frontend Design,,HTTP,1,
654,Vendor440,1,EnerCharge Server 1.0,,,,,Own Frontend Design,,HTTP,1,
655,Vendor468,1,Apache,/2.4.29 (Ubuntu),,,CSS,Based on Third Party Framework,,HTTP,1.1,
656,Vendor070,1,Apache,,,,,Own Frontend Design,,HTTP,1.1,
657,Vendor426,1,Apache,,,,,Own Frontend Design,,HTTP,1.1,
658,Vendor493,1,Apache,/2.4.59 (Debian),,Javascript,CSS,Half Rely on Third-Party Framework,,HTTP,1.1,
659,Vendor279,1,Apache,,,,CSS,Half Rely on Third-Party Framework,,HTTP,1.1,
660,Vendor335,1,LiteSpeed,,,,,Own Frontend Design,,,,
661,Vendor243,1,Apache,,,,,Own Frontend Design,,HTTP,1.1,
662,Vendor442,1,,,,Javascript,CSS,Own Frontend Design,,HTTP,1.1,
663,Vendor334,1,Microsoft-IIS,/10.0,,,,Own Frontend Design,,HTTP,1,
664,Vendor387,1,,,,Javascript,CSS,Half Rely on Third-Party Framework,,HTTP,1.1,
665,Vendor049,1,Apache,,,Javascript,,Half Rely on Third-Party Framework,,HTTP,1.1,
666,Vendor248,1,Apache,/2.4.48 (Unix) OpenSSL/1.1.1n,,Javascript,,Own Frontend Design,,HTTP,1.1,
667,Vendor123,1,Apache,,,,,Own Frontend Design,,HTTP,1.1,
668,Vendor342,1,Apache,/2.4.41 (Ubuntu),,,,Own Frontend Design,,,,
669,Vendor455,1,nginx,/1.18.0 (Ubuntu),,Javascript,,Half Rely on Third-Party Framework,,HTTP,1.1,
670,Vendor126,1,EV Loader,,,,,Own Frontend Design,,HTTP,1,
671,Vendor478,1,Apache,"```

```",,,,Based on Third Party Framework,,HTTP,1.1,
672,Vendor398,1,Apache,/2.4.58 (FreeBSD) PHP/8.2.14 mod_wsgi/4.9.2 Python/3.9,,,,Own Frontend Design,,HTTP,1.1,
673,Vendor547,1,awselb/2.0,,,,,Half Rely on Third-Party Framework,,HTTP,1.1,
674,Vendor290,1,nginx,,,,,Half Rely on Third-Party Framework,,HTTP,1.1,
675,Vendor487,1,,,,,,,,,,
676,Vendor748,1,Apache,,,,,Own Frontend Design,,HTTP,1.1,
677,Vendor502,1,Apache,,,Javascript,CSS,Half Rely on Third-Party Framework,,HTTP,1.1,
678,Vendor371,1,SEH_WALLY/EVSE_37021300,,,Javascript,CSS,Half Rely on Third-Party Framework,,HTTP,1.1,
679,Vendor511,1,nginx,,,Javascript,,Own Frontend Design,,HTTP,1.1,
680,Vendor457,1,Apache,/2.4.41 (Ubuntu),,,,Based on Third Party Framework,,HTTP,1.1,
681,Vendor525,1,nginx,/1.20.1,,,,Own Frontend Design,,,,
682,Vendor384,1,nginx,/1.18.0 (Ubuntu),,Javascript,CSS,Own Frontend Design,,HTTP,1.1,
683,Vendor135,1,nginx,/1.18.0 (Ubuntu),,Javascript,CSS,Based on Third Party Framework,,HTTP,1.1,
684,Vendor120,1,nginx,/1.24.0,,,CSS,Own Frontend Design,,HTTP,1.1,
685,Vendor219,1,,,,,,Based on Third Party Framework,,,,
686,Vendor266,1,nginx,,,Javascript,CSS,Own Frontend Design,,HTTP,1.1,
687,Vendor235,1,nginx,,,,,Own Frontend Design,,HTTP,1.1,
688,Vendor060,1,Apache,/2.4.54 (Debian),,,,Half Rely on Third-Party Framework,,HTTP,1.1,
689,Vendor379,1,Apache,/2.4.59 (Debian),,,,Own Frontend Design,,HTTP,1,
690,Vendor056,1,nginx,,,Javascript,,Own Frontend Design,,HTTP,1.1,
691,Vendor486,1,,,,,,Own Frontend Design,,,,
692,Vendor032,1,nginx,,,,,Half Rely on Third-Party Framework,,HTTP,1.1,
693,Vendor515,1,nginx,/1.21.6,,,,Own Frontend Design,,HTTP,1.1,
694,Vendor477,1,nginx,/1.18.0 (Ubuntu),,Javascript,CSS,Own Frontend Design,,HTTP,1.1,
695,Vendor152,1,Apache,,,,,Own Frontend Design,,HTTP,1.1,
696,Vendor410,1,Apache,,,Javascript,,Half Rely on Third-Party Framework,,HTTP,1.1,
697,Vendor073,1,nginx,/1.23.4,,,CSS,Own Frontend Design,,HTTP,1.1,
698,Vendor370,1,openresty,,,Javascript,,Own Frontend Design,,HTTP,1.1,
699,Vendor018,1,Apache,,,Javascript,,Half Rely on Third-Party Framework,,,,
700,Vendor425,1,Cowboy,,,Javascript,CSS,Own Frontend Design,,HTTP,1.1,
701,Vendor050,1,Bluincharge OCPP Server,,,,CSS,Own Frontend Design,,HTTP,1.1,
702,Vendor036,1,Apache,/2.4.53 (Debian),,,,Half Rely on Third-Party Framework,,HTTP,1,
703,Vendor405,1,Apache,/2.4.29 (Ubuntu),,Javascript,CSS,Own Frontend Design,,HTTP,1.1,
704,Vendor350,1,Apache,,,,,Own Frontend Design,,HTTP,1.1,
705,Vendor834,1,nginx,/1.24.0,,Javascript,CSS,Half Rely on Third-Party Framework,,HTTP,1.1,
706,Vendor484,1,Apache,,,,,Own Frontend Design,,HTTP,1.1,
707,Vendor250,1,nginx,,,,,Half Rely on Third-Party Framework,,HTTP,1.1,
708,Vendor406,1,Apache,/2.4.61 (Debian),,,,Own Frontend Design,,HTTP,1.1,
709,Vendor119,1,Apache,,,,CSS,Own Frontend Design,,,,
710,Vendor474,1,Apache,/2.4.52 (Ubuntu),,,,Half Rely on Third-Party Framework,,HTTP,1.1,
711,Vendor174,1,LiteSpeed,,,Javascript,CSS,Own Frontend Design,,HTTP,1,
712,Vendor520,1,,,,Javascript,,Half Rely on Third-Party Framework,,HTTP,1.1,
713,Vendor028,1,Microsoft-IIS,/10.0,,Javascript,CSS,Half Rely on Third-Party Framework,,HTTP,1.1,
714,Vendor360,1,nginx,/1.12.2,,Javascript,CSS,Half Rely on Third-Party Framework,,HTTP,1.1,
715,Vendor331,1,nginx,,,,,Own Frontend Design,,HTTP,1.1,
716,Vendor351,1,nginx,/1.14.1,,Javascript,CSS,Half Rely on Third-Party Framework,,HTTP,1.1,
717,Vendor035,1,,,,,,Own Frontend Design,,HTTP,1.1,
718,Vendor643,1,nginx,,,Javascript,CSS,Half Rely on Third-Party Framework,,,,
719,Vendor695,1,nginx,/1.18.0,,Javascript,,Half Rely on Third-Party Framework,,HTTP,1.1,
720,Vendor672,1,nginx,/1.18.0 (Ubuntu),,Javascript,CSS,Half Rely on Third-Party Framework,,HTTP,1.1,
721,Vendor534,1,Apache,,,,CSS,Half Rely on Third-Party Framework,,HTTP,1.1,
722,Vendor435,1,nginx,,,,,Own Frontend Design,,HTTP,1.1,
723,Vendor465,1,Apache,,,,,Based on Third Party Framework,,HTTP,1.1,
724,Vendor133,1,Apache,,,,,Half Rely on Third-Party Framework,,HTTP,1.1,
725,Vendor380,1,Apache,/2.4.52 (Ubuntu),,,,Half Rely on Third-Party Framework,,HTTP,1,
726,Vendor473,1,nginx,/1.25.4,,,,Own Frontend Design,,HTTP,1.1,
727,Vendor129,1,Apache,Server: /2.4.52 (Ubuntu),,Javascript,CSS,Half Rely on Third-Party Framework,,HTTP,1.1,
728,Vendor136,1,nginx,/1.22.1,,Javascript,CSS,Based on Third Party Framework,,HTTP,1.1,
729,Vendor751,1,Apache,,,Javascript,,Half Rely on Third-Party Framework,,HTTP,1.1,
730,Vendor089,1,nginx,,,,,Own Frontend Design,,HTTP,1.1,
731,Vendor098,1,Apache,/2.4.41 (Ubuntu),,,,Own Frontend Design,,HTTP,1,
732,Vendor280,1,Apache,/2.4.38 (Debian),,,CSS,Half Rely on Third-Party Framework,,HTTP,1.1,
733,Vendor436,1,nginx,,,Javascript,CSS,Half Rely on Third-Party Framework,,HTTP,1.1,
734,Vendor373,1,nginx,/1.18.0 (Ubuntu),,Javascript,,Half Rely on Third-Party Framework,,HTTP,1.1,
735,Vendor512,1,Apache,/2.4.52 (Ubuntu),,,,Own Frontend Design,,HTTP,1.1,
736,Vendor256,1,Apache,,,,,Own Frontend Design,,HTTP,1.1,
737,Vendor044,1,Apache,,,,,Own Frontend Design,,HTTP,1.1,
738,Vendor273,1,LiteSpeed,,,Javascript,CSS,Half Rely on Third-Party Framework,,HTTP,1.1,
739,Vendor528,1,Apache,,,,,Own Frontend Design,,,,
740,Vendor091,1,nginx,/1.18.0 (Ubuntu),,,,Own Frontend Design,,HTTP,1.1,
741,Vendor367,1,,,,,,Own Frontend Design,,HTTP,1.1,
742,Vendor407,1,nginx,,,Javascript,CSS,Half Rely on Third-Party Framework,,HTTP,1.1,
743,Vendor240,1,nginx,,,,,Own Frontend Design,,HTTP,1.1,
744,Vendor178,1,nginx,,,,CSS,Own Frontend Design,,HTTP,1.1,
745,Vendor348,1,nginx,,,,,Own Frontend Design,,HTTP,1.1,
746,Vendor489,1,Apache,,,Javascript,,Own Frontend Design,,HTTP,1.1,
747,Vendor163,1,EcoShare-EVEMS/1.0 (Linux),,,Javascript,,Half Rely on Third-Party Framework,,HTTP,1.1,
748,Vendor341,1,Apache,,,,,Own Frontend Design,,HTTP,1.1,
749,Vendor211,1,Apache,/2.4.6 (CentOS) OpenSSL/1.0.2k-fips PHP/8.2.19,,,CSS,Own Frontend Design,,HTTP,1.1,
750,Vendor024,1,Apache,,,,,Own Frontend Design,,HTTP,1.1,
751,Vendor006,1,Apache,/2.4.43 (Unix) OpenSSL/1.0.2k-fips mod_jk/1.2.48,,Javascript,CSS,Half Rely on Third-Party Framework,,HTTP,1.1,
752,Vendor193,1,Apache,,,,,Own Frontend Design,,HTTP,1.1,
753,Vendor774,1,Tengine/2.1.0,,,Javascript,,Half Rely on Third-Party Framework,,HTTP,1.1,
754,Vendor388,1,nginx,,,,,Own Frontend Design,,HTTP,1.1,
755,Vendor692,1,Microsoft-IIS,/7.5,,Javascript,CSS,Own Frontend Design,,HTTP,1.1,
756,Vendor616,1,Apache,#NAME?,,Javascript,CSS,Own Frontend Design,,HTTP,1.1,
757,Vendor274,1,nginx,/1.8.1,,Javascript,CSS,Half Rely on Third-Party Framework,,HTTP,1.1,
758,Vendor742,1,Tengine,,,Javascript,CSS,Half Rely on Third-Party Framework,,HTTP,1.1,
759,Vendor836,1,nginx,/1.18.0,,,CSS,Half Rely on Third-Party Framework,,HTTP,1.1,
760,Vendor709,1,nginx,,,,CSS,Half Rely on Third-Party Framework,,HTTP,1.1,
761,Vendor577,1,nginx,/1.13.8,,Javascript,CSS,Based on Third Party Framework,,HTTP,1.1,
762,Vendor565,1,Microsoft-IIS,/7.5,,Javascript,,Own Frontend Design,,HTTP,1.1,
763,Vendor659,1,nginx,,,,,Based on Third Party Framework,,HTTP,1.1,
764,Vendor632,1,,,,,,Based on Third Party Framework,,HTTP,1.1,
765,Vendor591,1,nginx,/1.20.2,,,CSS,Own Frontend Design,,HTTP,1.1,
766,Vendor734,1,Neo App Srv 2.0,,,Javascript,CSS,Own Frontend Design,,HTTP,1.1,
767,Vendor404,1,UploadServer,,,,CSS,Half Rely on Third-Party Framework,,,,
768,Vendor683,1,nginx,/1.10.2,,Javascript,CSS,Half Rely on Third-Party Framework,,HTTP,1.1,
769,Vendor552,1,nginx,,,,CSS,Based on Third Party Framework,,HTTP,1.1,
770,Vendor869,1,Apache,#NAME?,,Javascript,,Half Rely on Third-Party Framework,,HTTP,1.1,
771,Vendor849,1,nginx,/1.17.3,,Javascript,CSS,Half Rely on Third-Party Framework,,HTTP,1.1,
772,Vendor304,1,,,,,,Half Rely on Third-Party Framework,,HTTP,1.1,
773,Vendor501,1,Apache,,,Javascript,,Own Frontend Design,,HTTP,1.1,
774,Vendor854,1,nginx,,,Javascript,,Own Frontend Design,,HTTP,1.1,
775,Vendor843,1,Express,,,Javascript,,Based on Third Party Framework,,HTTP,1.1,
776,Vendor523,1,Server: Mongoose/6.14,,,Javascript,CSS,Own Frontend Design,,HTTP,1.1,
777,Vendor272,1,nginx,,,Javascript,,Half Rely on Third-Party Framework,,HTTP,1.1,
778,Vendor812,1,nginx,,,Javascript,CSS,Based on Third Party Framework,,HTTP,1.1,
779,Vendor758,1,Apache,#NAME?,,Javascript,CSS,Half Rely on Third-Party Framework,,HTTP,1.1,
780,Vendor470,1,,,,Javascript,CSS,Half Rely on Third-Party Framework,,HTTP,1,
781,Vendor694,1,,,,Javascript,,Half Rely on Third-Party Framework,,HTTP,1.1,
782,Vendor771,1,,,,,CSS,Half Rely on Third-Party Framework,,HTTP,1.1,
783,Vendor824,1,nginx,,,,,Own Frontend Design,,HTTP,1.1,
784,Vendor855,1,nginx,/1.13.8,,,CSS,Own Frontend Design,,HTTP,1.1,
785,Vendor431,1,Microsoft-IIS,/7.5,,Javascript,CSS,Half Rely on Third-Party Framework,,HTTP,1.1,
786,Vendor635,1,nginx,/1.1.10,,Javascript,,Half Rely on Third-Party Framework,,HTTP,1.1,
787,Vendor842,1,nginx,/1.13.3,,Javascript,CSS,Based on Third Party Framework,,HTTP,1.1,
788,Vendor597,1,,,,Javascript,CSS,Own Frontend Design,,HTTP,1.1,
789,Vendor663,1,Microsoft-IIS,/10.0,,Javascript,,Own Frontend Design,,HTTP,1.1,
790,Vendor451,1,Microsoft-IIS,/7.5,,Javascript,CSS,Own Frontend Design,,HTTP,1.1,
791,Vendor469,1,nginx,/1.18.0 (Ubuntu),,Javascript,,Own Frontend Design,,HTTP,1.1,
792,Vendor111,1,nginx,/1.20.0,,Javascript,,Own Frontend Design,,HTTP,1.1,
793,Vendor792,1,Microsoft-IIS,/7.5,,Javascript,,Own Frontend Design,,HTTP,1.1,
794,Vendor058,1,nginx,/1.14.0 (Ubuntu),,,CSS,Half Rely on Third-Party Framework,,HTTP,1.1,
795,Vendor333,1,Apache,/2.4.6 (CentOS) OpenSSL/1.0.2k-fips,,,,Own Frontend Design,,HTTP,1.1,
796,Vendor689,1,Microsoft-IIS,/7.5,,Javascript,CSS,Own Frontend Design,,HTTP,1.1,
797,Vendor798,1,Microsoft-IIS,/7.5,,Javascript,CSS,Own Frontend Design,,HTTP,1.1,
798,Vendor329,1,,,,,,Based on Third Party Framework,,,,
799,Vendor259,1,nginx,,,,,Based on Third Party Framework,,HTTP,1.1,
800,Vendor433,1,Microsoft-IIS,/7.5,,Javascript,CSS,Own Frontend Design,,HTTP,1.1,
801,Vendor302,1,Apache,,,,,Based on Third Party Framework,,HTTP,1.1,
802,Vendor561,1,nginx,,,Javascript,,Half Rely on Third-Party Framework,,HTTP,1.1,
803,Vendor851,1,nginx,/1.12.1,,,,Half Rely on Third-Party Framework,,HTTP,1.1,
804,Vendor437,1,Apache,/2.4.6 (CentOS),,,CSS,Half Rely on Third-Party Framework,,HTTP,1.1,
805,Vendor541,1,,,,,,Own Frontend Design,,,,
806,Vendor705,1,nginx,,,,,Half Rely on Third-Party Framework,,HTTP,1.1,
807,Vendor195,1,Apache,,,Javascript,,Own Frontend Design,,HTTP,1.1,
808,Vendor726,1,nginx,,,,CSS,Own Frontend Design,,HTTP,1.1,
809,Vendor321,1,Apache,/2.4.29 (Ubuntu),,,CSS,Half Rely on Third-Party Framework,,HTTP,1.1,
810,Vendor207,1,Apache,/2.4.41 (Ubuntu),,,,Own Frontend Design,,HTTP,1.1,
811,Vendor631,1,nginx,/1.20.1,,,CSS,Own Frontend Design,,HTTP,1.1,
812,Vendor770,1,nginx,,,,CSS,Half Rely on Third-Party Framework,,HTTP,1.1,
813,Vendor710,1,nginx,/1.21.6,,Javascript,CSS,Based on Third Party Framework,,HTTP,1.1,
814,Vendor021,1,,,,,CSS,Based on Third Party Framework,,HTTP,1.1,
815,Vendor270,1,Apache,/2.4.52 (Unix) OpenSSL/1.1.1d,,,,Based on Third Party Framework,,HTTP,1.1,
816,Vendor452,1,nginx,,,Javascript,CSS,Based on Third Party Framework,,HTTP,1.1,
817,Vendor779,1,nginx,,,,CSS,Own Frontend Design,,HTTP,1.1,
818,Vendor524,1,nginx,/1.15.12,,Javascript,CSS,Half Rely on Third-Party Framework,,HTTP,1.1,
819,Vendor062,1,Mongoose,,,,,Own Frontend Design,,HTTP,1,
820,Vendor292,1,Vercel,,,Javascript,,Own Frontend Design,,HTTP,1.1,
821,Vendor096,1,Apache,,,Javascript,,Own Frontend Design,,HTTP,1.1,
822,Vendor252,1,,,,,,Based on Third Party Framework,,HTTP,1.1,
823,Vendor461,1,,,,,,Own Frontend Design,,HTTP,1,
824,Vendor464,1,Apache,,,,,Own Frontend Design,,HTTP,1.1,
825,Vendor043,1,,,,,,Half Rely on Third-Party Framework,,HTTP,1.1,
826,Vendor157,1,Apache,,,Javascript,CSS,Half Rely on Third-Party Framework,,HTTP,1.1,
827,Vendor421,1,Apache,/2.4.41 (Ubuntu),,Javascript,CSS,Half Rely on Third-Party Framework,,HTTP,1.1,
828,Vendor391,1,nginx,,,Javascript,,Half Rely on Third-Party Framework,,HTTP,1.1,
829,Vendor340,1,sails,,,,,Half Rely on Third-Party Framework,,HTTP,1.1,
830,Vendor276,1,Apache,/2.4.51 (Unix) OpenSSL/1.1.1d,,Javascript,CSS,Half Rely on Third-Party Framework,,HTTP,1.1,
831,Vendor168,1,UploadServer,,,Javascript,,Half Rely on Third-Party Framework,,HTTP,1,
832,Vendor042,1,LiteSpeed,,,,,Own Frontend Design,,HTTP,1,
833,Vendor529,1,Apache,/2.4.56 (Debian),,Javascript,,Own Frontend Design,,HTTP,1.1,
834,Vendor318,1,,,,Javascript,,Based on Third Party Framework,,HTTP,1.1,
835,Vendor257,1,Kestrel,,,,,Own Frontend Design,,HTTP,1.1,
836,Vendor390,1,,,,Javascript,,Own Frontend Design,,HTTP,1.1,
837,Vendor110,1,,,,Javascript,CSS,Half Rely on Third-Party Framework,,HTTP,1.1,
838,Vendor005,1,Apache,/2.4.51 (Unix) OpenSSL/1.1.1d,,,CSS,Half Rely on Third-Party Framework,,HTTP,1.1,
839,Vendor225,1,nginx,/1.18.0 (Ubuntu),,Javascript,,Half Rely on Third-Party Framework,,HTTP,1.1,
840,Vendor602,1,nginx,/1.18.0,,Javascript,CSS,Based on Third Party Framework,,HTTP,1.1,
841,Vendor500,1,PsiOcppApp,,,Javascript,CSS,Half Rely on Third-Party Framework,,HTTP,1.1,
842,Vendor345,1,Apache,#NAME?,,Javascript,CSS,Half Rely on Third-Party Framework,,HTTP,1.1,
843,Vendor003,1,gunicorn,,,,,Half Rely on Third-Party Framework,,HTTP,1,
844,Vendor022,1,AOLUOLA- OCPP Server,,,,CSS,Own Frontend Design,,HTTP,1.1,
845,Vendor142,1,,,,Javascript,,Half Rely on Third-Party Framework,,HTTP,1.1,
846,Vendor571,1,nginx,/1.6.3,,Javascript,CSS,Own Frontend Design,,HTTP,1.1,
847,Vendor422,1,nginx,,,,CSS,Own Frontend Design,,HTTP,1.1,
848,Vendor777,1,nginx,,,,CSS,Own Frontend Design,,HTTP,1.1,
849,Vendor585,1,Microsoft-IIS,/10.0,,Javascript,,Own Frontend Design,,HTTP,1.1,
850,Vendor297,1,Apache,,,,CSS,Half Rely on Third-Party Framework,,HTTP,1.1,
852,Vendor835,1,Microsoft-IIS,/8.5,,Javascript,,Own Frontend Design,,HTTP,1.1,
853,Vendor072,1,Apache,/2.4.54 (Debian),,,,Half Rely on Third-Party Framework,,HTTP,1.1,
854,Vendor661,1,nginx,,,,CSS,Based on Third Party Framework,,HTTP,1.1,
855,Vendor206,1,Evnex OCPP Diagnostic Log Service,,,,,Own Frontend Design,,,,
856,Vendor590,1,nginx,,,,,Half Rely on Third-Party Framework,,HTTP,1.1,
857,Vendor544,1,,,,,,,,,,
858,Vendor696,1,nginx,,,Javascript,CSS,Half Rely on Third-Party Framework,,HTTP,1.1,
859,Vendor769,1,nginx,/1.16.1,,Javascript,,Own Frontend Design,,HTTP,1.1,
860,Vendor015,1,nginx,/1.14.1,,Javascript,CSS,Half Rely on Third-Party Framework,,HTTP,1.1,
861,Vendor363,1,Microsoft-IIS,/10.0,,Javascript,CSS,Based on Third Party Framework,,HTTP,1.1,
862,Vendor040,1,nginx,,,,,Own Frontend Design,,HTTP,1.1,
863,Vendor867,1,nginx,/1.17.7,,Javascript,CSS,Half Rely on Third-Party Framework,,HTTP,1.1,
864,Vendor008,1,,,,Javascript,CSS,Based on Third Party Framework,,HTTP,1.1,
865,Vendor187,1,Apache,,,,,Half Rely on Third-Party Framework,,HTTP,1.1,
866,Vendor196,1,,,,Javascript,CSS,Half Rely on Third-Party Framework,,HTTP,1.1,
867,Vendor332,1,Apache,,,,,Own Frontend Design,,HTTP,1.1,
868,Vendor745,1,nginx,/1.14.0 (Ubuntu),,,,Half Rely on Third-Party Framework,,HTTP,1.1,
869,Vendor708,1,Microsoft-IIS,/8.5,,,CSS,Half Rely on Third-Party Framework,,HTTP,1.1,
870,Vendor508,1,Microsoft-IIS,/8.5,,Javascript,,Own Frontend Design,,HTTP,1.1,
871,Vendor182,1,,,,,CSS,Own Frontend Design,,HTTP,1.1,
872,Vendor201,1,Microsoft-IIS,/7.0,,,,Own Frontend Design,,HTTP,1.1,
